name	Mouse	Day	Absolute_abundance
B_caccae	8	0	29257744.1108196
B_cellulosilyticus_WH2	8	0	23385584.8380886
B_ovatus	8	0	32875274.8131558
B_thetaiotaomicron	8	0	7832415.55907917
B_uniformis	8	0	816322.681362397
B_vulgatus	8	0	35351635.1414638
C_aerofaciens	8	0	1306755.00153664
C_scindens	8	0	5188709.61524146
C_spiroforme	8	0	2329402.08811702
P_distasonis	8	0	244394.429135594
R_obeum	8	0	2139837.25060912
B_caccae	8	1	132960618.097587
B_cellulosilyticus_WH2	8	1	26557296.7117076
B_ovatus	8	1	21262839.3330582
B_thetaiotaomicron	8	1	42655170.7611689
B_uniformis	8	1	1725616.10015508
B_vulgatus	8	1	71008425.8861444
C_aerofaciens	8	1	3206673.21541179
C_scindens	8	1	13820407.0376026
C_spiroforme	8	1	2328581.76266287
P_distasonis	8	1	1596468.47435017
R_obeum	8	1	1203773.03004277
B_caccae	8	2	106144555.213896
B_cellulosilyticus_WH2	8	2	17812929.8188243
B_ovatus	8	2	4256066.30904267
B_thetaiotaomicron	8	2	38390919.2698412
B_uniformis	8	2	5081377.7952727
B_vulgatus	8	2	30658060.8201902
C_aerofaciens	8	2	2615017.61144815
C_scindens	8	2	15696305.8740604
C_spiroforme	8	2	4072530.30489526
P_distasonis	8	2	969266.667406772
R_obeum	8	2	2632594.47129313
B_caccae	8	4	43132062.1850021
B_cellulosilyticus_WH2	8	4	10508718.6357041
B_ovatus	8	4	568365.688497191
B_thetaiotaomicron	8	4	3982202.14235842
B_uniformis	8	4	4379148.48244618
B_vulgatus	8	4	14974111.66721
C_aerofaciens	8	4	617183.035756835
C_scindens	8	4	2747546.92350814
C_spiroforme	8	4	1483779.55641098
P_distasonis	8	4	99315.609155567
R_obeum	8	4	1670318.55644543
B_caccae	8	6	35046018.0320824
B_cellulosilyticus_WH2	8	6	10403580.8365279
B_ovatus	8	6	1054626.26699667
B_thetaiotaomicron	8	6	3620872.0209425
B_uniformis	8	6	2846571.28634758
B_vulgatus	8	6	26546139.7888514
C_aerofaciens	8	6	806920.204798261
C_scindens	8	6	5519982.93251907
C_spiroforme	8	6	199279.157694486
P_distasonis	8	6	366934.454696498
R_obeum	8	6	2518462.50824973
B_caccae	8	9	52107190.1671407
B_cellulosilyticus_WH2	8	9	18662623.4983049
B_ovatus	8	9	1643184.29728207
B_thetaiotaomicron	8	9	9181624.57061914
B_uniformis	8	9	4352062.38508503
B_vulgatus	8	9	38115802.0443845
C_aerofaciens	8	9	365166.467450467
C_scindens	8	9	2827871.52013113
C_spiroforme	8	9	75774.189642919
P_distasonis	8	9	2460789.17856238
R_obeum	8	9	1493705.94305406
B_caccae	8	11	103521815.476779
B_cellulosilyticus_WH2	8	11	36220363.9753614
B_ovatus	8	11	4347083.50322982
B_thetaiotaomicron	8	11	39158803.2826958
B_uniformis	8	11	10108997.9110993
B_vulgatus	8	11	102939922.625317
C_aerofaciens	8	11	1636256.65467493
C_scindens	8	11	6172425.18990822
C_spiroforme	8	11	332344.773002572
P_distasonis	8	11	7027066.23222189
R_obeum	8	11	4653818.68715276
B_caccae	8	12	100605727.84046
B_cellulosilyticus_WH2	8	12	33355639.5641201
B_ovatus	8	12	3843609.17798125
B_thetaiotaomicron	8	12	30604048.9000672
B_uniformis	8	12	9149686.4542864
B_vulgatus	8	12	77469459.4698505
C_aerofaciens	8	12	2465547.93105048
C_scindens	8	12	6609966.78088045
C_spiroforme	8	12	267970.051908397
P_distasonis	8	12	6389321.82704699
R_obeum	8	12	4168369.2064554
B_caccae	8	14	68749509.449904
B_cellulosilyticus_WH2	8	14	75931993.5501571
B_ovatus	8	14	7681273.06359068
B_thetaiotaomicron	8	14	37819209.388323
B_uniformis	8	14	12739505.1404625
B_vulgatus	8	14	60898767.1724799
C_aerofaciens	8	14	2765932.80956055
C_scindens	8	14	8665326.43544227
C_spiroforme	8	14	401237.927314341
P_distasonis	8	14	3265603.2974289
R_obeum	8	14	7771985.05716329
B_caccae	8	15	60118505.4659243
B_cellulosilyticus_WH2	8	15	56481936.5722829
B_ovatus	8	15	15753984.033333
B_thetaiotaomicron	8	15	44944219.1480467
B_uniformis	8	15	9941095.92706421
B_vulgatus	8	15	35175708.5730833
C_aerofaciens	8	15	4142690.68604864
C_scindens	8	15	12498418.8107189
C_spiroforme	8	15	2474044.09845134
P_distasonis	8	15	2369514.10948367
R_obeum	8	15	19853899.7644538
B_caccae	8	16	51378013.971432
B_cellulosilyticus_WH2	8	16	87465373.7473326
B_ovatus	8	16	27540710.2174776
B_thetaiotaomicron	8	16	38506455.6413796
B_uniformis	8	16	18129225.8902425
B_vulgatus	8	16	30772206.4332975
C_aerofaciens	8	16	6503582.11105267
C_scindens	8	16	13062528.0566784
C_spiroforme	8	16	416806.414675076
P_distasonis	8	16	6603539.09224914
R_obeum	8	16	27787973.0141405
B_caccae	8	18	53885093.661056
B_cellulosilyticus_WH2	8	18	126843958.027128
B_ovatus	8	18	31920722.568473
B_thetaiotaomicron	8	18	26715131.8914285
B_uniformis	8	18	18862523.4740496
B_vulgatus	8	18	54751481.9077115
C_aerofaciens	8	18	1549346.29816014
C_scindens	8	18	5335042.89827536
C_spiroforme	8	18	186651.170361248
P_distasonis	8	18	15060461.1328529
R_obeum	8	18	15849551.6665346
B_caccae	8	20	36912201.0337784
B_cellulosilyticus_WH2	8	20	98656032.9368432
B_ovatus	8	20	26958601.3006935
B_thetaiotaomicron	8	20	25787125.3436012
B_uniformis	8	20	16303731.4796422
B_vulgatus	8	20	44977450.5578328
C_aerofaciens	8	20	1081475.52159678
C_scindens	8	20	4100883.9560533
C_spiroforme	8	20	208904.130801602
P_distasonis	8	20	13175820.4648212
R_obeum	8	20	10766132.3416585
B_caccae	8	24	49059696.055429
B_cellulosilyticus_WH2	8	24	177717700.042589
B_ovatus	8	24	81567865.9442236
B_thetaiotaomicron	8	24	22240045.642338
B_uniformis	8	24	26032755.7938583
B_vulgatus	8	24	101038355.031708
C_aerofaciens	8	24	3268463.4539204
C_scindens	8	24	8179454.07788256
C_spiroforme	8	24	318960.225943551
P_distasonis	8	24	28750267.8895157
R_obeum	8	24	21081613.5662507
B_caccae	8	25	40119485.9622377
B_cellulosilyticus_WH2	8	25	213791103.931007
B_ovatus	8	25	98985287.2821588
B_thetaiotaomicron	8	25	25621573.2560024
B_uniformis	8	25	14662772.0645652
B_vulgatus	8	25	146331480.285173
C_aerofaciens	8	25	2266720.33445367
C_scindens	8	25	5971658.09717165
C_spiroforme	8	25	244305.934470423
P_distasonis	8	25	35448602.1240748
R_obeum	8	25	17718835.374855
B_caccae	8	26	34785511.2751215
B_cellulosilyticus_WH2	8	26	184658414.507076
B_ovatus	8	26	106691638.912817
B_thetaiotaomicron	8	26	32141232.26392
B_uniformis	8	26	20211097.5027531
B_vulgatus	8	26	111030206.324836
C_aerofaciens	8	26	3581877.15282764
C_scindens	8	26	9004492.90616392
C_spiroforme	8	26	285745.90826732
P_distasonis	8	26	24240348.8139313
R_obeum	8	26	27257369.2798865
B_caccae	8	28	80099788.5941954
B_cellulosilyticus_WH2	8	28	92000015.1491441
B_ovatus	8	28	31507719.1778849
B_thetaiotaomicron	8	28	77406046.7555685
B_uniformis	8	28	8873866.20118093
B_vulgatus	8	28	132679159.281038
C_aerofaciens	8	28	16817194.9353839
C_scindens	8	28	30237031.6653043
C_spiroforme	8	28	732063.673485987
P_distasonis	8	28	39643096.5510188
R_obeum	8	28	26486014.2395685
B_caccae	8	29	79663927.2010534
B_cellulosilyticus_WH2	8	29	53987220.2505286
B_ovatus	8	29	7113169.38112098
B_thetaiotaomicron	8	29	47787011.4010376
B_uniformis	8	29	9478073.7661161
B_vulgatus	8	29	121899611.85375
C_aerofaciens	8	29	15627180.4819946
C_scindens	8	29	32468876.4098006
C_spiroforme	8	29	523599.975002038
P_distasonis	8	29	20030894.9026271
R_obeum	8	29	9024643.19750811
B_caccae	8	30	83717929.0728879
B_cellulosilyticus_WH2	8	30	51023678.7273112
B_ovatus	8	30	1706857.46484874
B_thetaiotaomicron	8	30	55501412.5016293
B_uniformis	8	30	9006821.93294225
B_vulgatus	8	30	88498979.8126916
C_aerofaciens	8	30	10040782.2737772
C_scindens	8	30	26498426.3089107
C_spiroforme	8	30	609667.473987581
P_distasonis	8	30	10852713.7827165
R_obeum	8	30	5513319.40723221
B_caccae	8	32	97866437.8819806
B_cellulosilyticus_WH2	8	32	75728860.9418858
B_ovatus	8	32	1080250.93359137
B_thetaiotaomicron	8	32	33107662.2703869
B_uniformis	8	32	11866909.454632
B_vulgatus	8	32	114743314.40331
C_aerofaciens	8	32	790112.344282631
C_scindens	8	32	5826472.05470875
C_spiroforme	8	32	990751.466122558
P_distasonis	8	32	8445595.77345714
R_obeum	8	32	3382501.93553722
B_caccae	8	34	96556244.8766748
B_cellulosilyticus_WH2	8	34	44234849.3138716
B_ovatus	8	34	1327374.21979664
B_thetaiotaomicron	8	34	36147251.3620994
B_uniformis	8	34	15821626.7937975
B_vulgatus	8	34	83818963.6805128
C_aerofaciens	8	34	674060.176000177
C_scindens	8	34	3931815.16550173
C_spiroforme	8	34	461795.662974682
P_distasonis	8	34	8354727.93092007
R_obeum	8	34	1506570.72706434
B_caccae	8	37	64924051.0634881
B_cellulosilyticus_WH2	8	37	39432290.2261071
B_ovatus	8	37	1426725.51022771
B_thetaiotaomicron	8	37	26833308.6689114
B_uniformis	8	37	14735190.6434548
B_vulgatus	8	37	74150221.3439344
C_aerofaciens	8	37	2966641.98876215
C_scindens	8	37	8478619.00683857
C_spiroforme	8	37	678863.22957254
P_distasonis	8	37	8466455.89828203
R_obeum	8	37	2520481.52361858
B_caccae	8	39	108271482.251724
B_cellulosilyticus_WH2	8	39	74499890.9550182
B_ovatus	8	39	1529201.88595779
B_thetaiotaomicron	8	39	51674896.4473907
B_uniformis	8	39	12206050.813239
B_vulgatus	8	39	116032672.430779
C_aerofaciens	8	39	1171732.26815144
C_scindens	8	39	8219834.46602659
C_spiroforme	8	39	1082559.17415852
P_distasonis	8	39	15485510.0728454
R_obeum	8	39	3188832.26968603
B_caccae	8	40	79826464.6823229
B_cellulosilyticus_WH2	8	40	66655248.0366304
B_ovatus	8	40	1381115.12745072
B_thetaiotaomicron	8	40	54639609.7896133
B_uniformis	8	40	7756424.26924481
B_vulgatus	8	40	103070568.691296
C_aerofaciens	8	40	911008.441916575
C_scindens	8	40	5070378.26511868
C_spiroforme	8	40	686690.277700109
P_distasonis	8	40	14757642.1102573
R_obeum	8	40	2766772.35249245
B_caccae	9	0	32679560.4610146
B_cellulosilyticus_WH2	9	0	20866844.4106641
B_ovatus	9	0	24486425.5509786
B_thetaiotaomicron	9	0	5943734.69450909
B_uniformis	9	0	663126.974311722
B_vulgatus	9	0	34639913.0198878
C_aerofaciens	9	0	851866.462455915
C_scindens	9	0	3766865.66403375
C_spiroforme	9	0	336120.16151171
P_distasonis	9	0	93529.5713928833
R_obeum	9	0	436267.346484908
B_caccae	9	1	122999966.86586
B_cellulosilyticus_WH2	9	1	26961279.9761986
B_ovatus	9	1	21481211.2928415
B_thetaiotaomicron	9	1	44737325.3819258
B_uniformis	9	1	1961985.18459228
B_vulgatus	9	1	58024296.1811079
C_aerofaciens	9	1	3786085.84014388
C_scindens	9	1	15620358.7802159
C_spiroforme	9	1	1146644.16529597
P_distasonis	9	1	821486.968526273
R_obeum	9	1	4140889.79961082
B_caccae	9	2	49894765.7650863
B_cellulosilyticus_WH2	9	2	6961696.66224963
B_ovatus	9	2	1805555.77621236
B_thetaiotaomicron	9	2	21858343.2525306
B_uniformis	9	2	3335610.49497717
B_vulgatus	9	2	15118101.9825251
C_aerofaciens	9	2	1018822.37821179
C_scindens	9	2	8037910.54432072
C_spiroforme	9	2	2948936.43562811
P_distasonis	9	2	336621.461914193
R_obeum	9	2	1387771.0427662
B_caccae	9	4	37245411.1180835
B_cellulosilyticus_WH2	9	4	13452808.8502497
B_ovatus	9	4	2451436.6091714
B_thetaiotaomicron	9	4	7117696.3741341
B_uniformis	9	4	3322028.48412945
B_vulgatus	9	4	23783449.2785599
C_aerofaciens	9	4	918518.974118888
C_scindens	9	4	2983149.0475236
C_spiroforme	9	4	1885851.74809583
P_distasonis	9	4	873047.43912719
R_obeum	9	4	4268550.6781621
B_caccae	9	6	26119847.140305
B_cellulosilyticus_WH2	9	6	6942553.87354539
B_ovatus	9	6	646989.72564853
B_thetaiotaomicron	9	6	2895375.11079491
B_uniformis	9	6	1390136.18941072
B_vulgatus	9	6	12200535.6841823
C_aerofaciens	9	6	618103.241507326
C_scindens	9	6	3130424.35251899
C_spiroforme	9	6	1190847.26448646
P_distasonis	9	6	53626.2737350906
R_obeum	9	6	4289029.31089888
B_caccae	9	9	45390414.9613968
B_cellulosilyticus_WH2	9	9	19985422.2202607
B_ovatus	9	9	2291078.06557178
B_thetaiotaomicron	9	9	11631598.8903945
B_uniformis	9	9	1507373.78080891
B_vulgatus	9	9	19203752.4503316
C_aerofaciens	9	9	778324.816258809
C_scindens	9	9	2555017.19816546
C_spiroforme	9	9	547399.538173649
P_distasonis	9	9	786924.423083475
R_obeum	9	9	6799613.25977131
B_caccae	9	11	91935969.3319561
B_cellulosilyticus_WH2	9	11	34897607.6130995
B_ovatus	9	11	3674026.71023682
B_thetaiotaomicron	9	11	26280404.5042101
B_uniformis	9	11	6289358.40674717
B_vulgatus	9	11	62969338.3626143
C_aerofaciens	9	11	1114251.51844879
C_scindens	9	11	5854577.18154348
C_spiroforme	9	11	208812.154210796
P_distasonis	9	11	407238.418058901
R_obeum	9	11	6077955.2423833
B_caccae	9	12	77364184.6326826
B_cellulosilyticus_WH2	9	12	28665960.9018926
B_ovatus	9	12	2508918.49461033
B_thetaiotaomicron	9	12	12755643.6477465
B_uniformis	9	12	5915550.60648454
B_vulgatus	9	12	55355614.5726013
C_aerofaciens	9	12	1229346.35230007
C_scindens	9	12	5988741.1384751
C_spiroforme	9	12	84621.3390073079
P_distasonis	9	12	439572.157927837
R_obeum	9	12	5361205.49328666
B_caccae	9	14	84049656.2059223
B_cellulosilyticus_WH2	9	14	71629317.0224389
B_ovatus	9	14	13788105.5032978
B_thetaiotaomicron	9	14	75473323.9946553
B_uniformis	9	14	25080993.5868516
B_vulgatus	9	14	68585115.9686244
C_aerofaciens	9	14	8342752.56403932
C_scindens	9	14	23022413.3561966
C_spiroforme	9	14	1017923.14465151
P_distasonis	9	14	3017803.08815416
R_obeum	9	14	41592220.8322587
B_caccae	9	15	64291958.0210202
B_cellulosilyticus_WH2	9	15	63177466.68223
B_ovatus	9	15	15538365.0679924
B_thetaiotaomicron	9	15	47401076.7361647
B_uniformis	9	15	20209471.3996908
B_vulgatus	9	15	57483202.4851358
C_aerofaciens	9	15	3374840.00689663
C_scindens	9	15	9130512.44801085
C_spiroforme	9	15	589165.055069427
P_distasonis	9	15	3011631.83005238
R_obeum	9	15	27312219.8598609
B_caccae	9	16	48588835.3983073
B_cellulosilyticus_WH2	9	16	73415859.7581862
B_ovatus	9	16	22531812.0036932
B_thetaiotaomicron	9	16	24057284.5197558
B_uniformis	9	16	21987444.9589343
B_vulgatus	9	16	17737414.5449618
C_aerofaciens	9	16	2918167.1839597
C_scindens	9	16	6532202.00109277
C_spiroforme	9	16	311845.74286242
P_distasonis	9	16	4134253.26960057
R_obeum	9	16	33013289.9883162
B_caccae	9	18	62714338.6497151
B_cellulosilyticus_WH2	9	18	94931374.4686455
B_ovatus	9	18	23578299.6734526
B_thetaiotaomicron	9	18	22174376.2100097
B_uniformis	9	18	42343640.1802361
B_vulgatus	9	18	47202642.4993334
C_aerofaciens	9	18	2133634.91195442
C_scindens	9	18	6516368.12890998
C_spiroforme	9	18	303790.22967775
P_distasonis	9	18	12461167.9719676
R_obeum	9	18	21483842.5662367
B_caccae	9	20	90501223.9728691
B_cellulosilyticus_WH2	9	20	136499376.641385
B_ovatus	9	20	48240038.1334744
B_thetaiotaomicron	9	20	31590843.8623494
B_uniformis	9	20	60980858.5180702
B_vulgatus	9	20	92973516.2056292
C_aerofaciens	9	20	4386719.12806266
C_scindens	9	20	17771207.1151504
C_spiroforme	9	20	375408.862861248
P_distasonis	9	20	15596304.7403658
R_obeum	9	20	43118168.7404367
B_caccae	9	24	86076069.0481135
B_cellulosilyticus_WH2	9	24	147570565.19022
B_ovatus	9	24	52769924.8455624
B_thetaiotaomicron	9	24	45864986.4306782
B_uniformis	9	24	73618110.9038395
B_vulgatus	9	24	98970151.0013436
C_aerofaciens	9	24	5995000.40760504
C_scindens	9	24	11609145.956356
C_spiroforme	9	24	391957.895351942
P_distasonis	9	24	21474787.8629744
R_obeum	9	24	41957678.6803147
B_caccae	9	25	119933944.604854
B_cellulosilyticus_WH2	9	25	208759948.685916
B_ovatus	9	25	87248269.3882665
B_thetaiotaomicron	9	25	68502336.7587008
B_uniformis	9	25	129751090.756292
B_vulgatus	9	25	139543247.724279
C_aerofaciens	9	25	6779445.0371971
C_scindens	9	25	13858716.4841905
C_spiroforme	9	25	592828.880670729
P_distasonis	9	25	27353366.4692245
R_obeum	9	25	57792576.7499997
B_caccae	9	26	83303170.2804674
B_cellulosilyticus_WH2	9	26	168310773.882023
B_ovatus	9	26	70882784.1978717
B_thetaiotaomicron	9	26	70711166.763249
B_uniformis	9	26	114266145.795127
B_vulgatus	9	26	103850095.169794
C_aerofaciens	9	26	7160858.53538229
C_scindens	9	26	10413024.3161846
C_spiroforme	9	26	202587.439429501
P_distasonis	9	26	19633315.3477372
R_obeum	9	26	43792202.3905724
B_caccae	9	28	68461077.088648
B_cellulosilyticus_WH2	9	28	55673509.1532458
B_ovatus	9	28	16697078.8975832
B_thetaiotaomicron	9	28	52660025.6804711
B_uniformis	9	28	26232886.5420084
B_vulgatus	9	28	95353911.9806009
C_aerofaciens	9	28	8767462.28685777
C_scindens	9	28	23108397.5660451
C_spiroforme	9	28	492098.395477499
P_distasonis	9	28	19967367.4256565
R_obeum	9	28	36968619.7580977
B_caccae	9	29	116028119.303218
B_cellulosilyticus_WH2	9	29	58605258.1737832
B_ovatus	9	29	10535048.3403325
B_thetaiotaomicron	9	29	60645734.2177851
B_uniformis	9	29	28012807.3478723
B_vulgatus	9	29	109700368.95466
C_aerofaciens	9	29	7553593.70485093
C_scindens	9	29	17102928.9252744
C_spiroforme	9	29	444577.52387111
P_distasonis	9	29	19822008.4563299
R_obeum	9	29	28246277.2109085
B_caccae	9	30	119834404.661463
B_cellulosilyticus_WH2	9	30	40224941.7834354
B_ovatus	9	30	2224934.26696723
B_thetaiotaomicron	9	30	82241333.0707171
B_uniformis	9	30	13601493.0035519
B_vulgatus	9	30	86103661.1508225
C_aerofaciens	9	30	12193828.1966213
C_scindens	9	30	36784991.5097834
C_spiroforme	9	30	1490085.36922372
P_distasonis	9	30	10749626.7190258
R_obeum	9	30	32285222.8074817
B_caccae	9	32	107827278.625875
B_cellulosilyticus_WH2	9	32	46541564.8725974
B_ovatus	9	32	1460840.07843095
B_thetaiotaomicron	9	32	44159706.8512943
B_uniformis	9	32	10323482.9974841
B_vulgatus	9	32	86665136.5126138
C_aerofaciens	9	32	690832.073141627
C_scindens	9	32	5689632.92516291
C_spiroforme	9	32	672203.327024484
P_distasonis	9	32	11153663.1808875
R_obeum	9	32	6410480.0633697
B_caccae	9	34	91543246.9970365
B_cellulosilyticus_WH2	9	34	47200782.5763594
B_ovatus	9	34	754841.551502127
B_thetaiotaomicron	9	34	30913393.6773478
B_uniformis	9	34	8305402.68119466
B_vulgatus	9	34	83681898.2678505
C_aerofaciens	9	34	358337.746538792
C_scindens	9	34	4421654.38403368
C_spiroforme	9	34	816728.229803364
P_distasonis	9	34	9312983.70094659
R_obeum	9	34	5227306.70557614
B_caccae	9	37	48789528.7082804
B_cellulosilyticus_WH2	9	37	23171964.4082547
B_ovatus	9	37	291962.994928109
B_thetaiotaomicron	9	37	18204666.1560492
B_uniformis	9	37	5589188.86167132
B_vulgatus	9	37	43663975.7226822
C_aerofaciens	9	37	369882.310324756
C_scindens	9	37	1868589.82812681
C_spiroforme	9	37	428925.330788259
P_distasonis	9	37	6824090.98190884
R_obeum	9	37	1729777.06771623
B_caccae	9	39	67088215.5056392
B_cellulosilyticus_WH2	9	39	21748645.7795736
B_ovatus	9	39	425775.10496986
B_thetaiotaomicron	9	39	26563092.8696329
B_uniformis	9	39	6149988.60629187
B_vulgatus	9	39	70966652.0808208
C_aerofaciens	9	39	1089449.6732456
C_scindens	9	39	4781880.70534244
C_spiroforme	9	39	1336313.20214762
P_distasonis	9	39	8420819.08190927
R_obeum	9	39	6518145.96586028
B_caccae	9	40	73144285.2742638
B_cellulosilyticus_WH2	9	40	29622100.0645978
B_ovatus	9	40	821759.696063981
B_thetaiotaomicron	9	40	54300673.7496594
B_uniformis	9	40	6164293.55967923
B_vulgatus	9	40	73162377.9655764
C_aerofaciens	9	40	1213567.28011116
C_scindens	9	40	10727325.4230227
C_spiroforme	9	40	1708300.75475353
P_distasonis	9	40	13361669.7017652
R_obeum	9	40	11819960.8144459
B_caccae	10	0	17557323.4005007
B_cellulosilyticus_WH2	10	0	15295743.13124
B_ovatus	10	0	19095114.6189466
B_thetaiotaomicron	10	0	6569498.45095723
B_uniformis	10	0	2896317.12179057
B_vulgatus	10	0	45528120.8542855
C_aerofaciens	10	0	102207.774374723
C_scindens	10	0	1807983.67673271
C_spiroforme	10	0	34214.4397637919
P_distasonis	10	0	222489.583623886
R_obeum	10	0	149094.096400367
B_caccae	10	1	65495582.0664097
B_cellulosilyticus_WH2	10	1	20594420.5819513
B_ovatus	10	1	13942770.552753
B_thetaiotaomicron	10	1	28057197.5262825
B_uniformis	10	1	1421830.98589717
B_vulgatus	10	1	50328446.4662973
C_aerofaciens	10	1	3294423.70143929
C_scindens	10	1	10460489.9099661
C_spiroforme	10	1	333176.303625254
P_distasonis	10	1	936884.79652926
R_obeum	10	1	391084.012441742
B_caccae	10	2	54999575.6755331
B_cellulosilyticus_WH2	10	2	11117575.093857
B_ovatus	10	2	2645370.82102606
B_thetaiotaomicron	10	2	17037640.7377527
B_uniformis	10	2	3011243.79467403
B_vulgatus	10	2	21334901.8141595
C_aerofaciens	10	2	1621501.46845941
C_scindens	10	2	8913885.67271973
C_spiroforme	10	2	2508853.17620614
P_distasonis	10	2	629980.929945573
R_obeum	10	2	1531072.49582536
B_caccae	10	4	37384458.6881438
B_cellulosilyticus_WH2	10	4	16577998.776195
B_ovatus	10	4	748477.037093394
B_thetaiotaomicron	10	4	5008727.22000844
B_uniformis	10	4	5527806.7730614
B_vulgatus	10	4	15298391.1186082
C_aerofaciens	10	4	613702.768059799
C_scindens	10	4	2163636.34671986
C_spiroforme	10	4	1441225.51453644
P_distasonis	10	4	192785.612434643
R_obeum	10	4	1031400.64315659
B_caccae	10	6	47379863.1163119
B_cellulosilyticus_WH2	10	6	24349371.3141505
B_ovatus	10	6	2391740.88477507
B_thetaiotaomicron	10	6	7913778.71652481
B_uniformis	10	6	4459606.84787922
B_vulgatus	10	6	21607712.6416139
C_aerofaciens	10	6	1242313.51581828
C_scindens	10	6	5948865.24826459
C_spiroforme	10	6	1133363.99772128
P_distasonis	10	6	132069.079377442
R_obeum	10	6	6644039.53074333
B_caccae	10	9	77994583.3602124
B_cellulosilyticus_WH2	10	9	30531971.9969972
B_ovatus	10	9	2606939.03281491
B_thetaiotaomicron	10	9	16798268.1361232
B_uniformis	10	9	7364218.97534351
B_vulgatus	10	9	32083810.7686444
C_aerofaciens	10	9	2466399.71723288
C_scindens	10	9	9038267.41920107
C_spiroforme	10	9	784188.24673934
P_distasonis	10	9	824707.744288831
R_obeum	10	9	7531558.02983222
B_caccae	10	11	73531940.6859451
B_cellulosilyticus_WH2	10	11	36189627.8477364
B_ovatus	10	11	6661537.11723187
B_thetaiotaomicron	10	11	37046449.910087
B_uniformis	10	11	23525351.6729083
B_vulgatus	10	11	62330303.7451933
C_aerofaciens	10	11	1156707.46969994
C_scindens	10	11	7797370.8044366
C_spiroforme	10	11	145144.570696665
P_distasonis	10	11	6076486.42815364
R_obeum	10	11	9487234.82227196
B_caccae	10	12	63742160.6984578
B_cellulosilyticus_WH2	10	12	38319568.9744821
B_ovatus	10	12	6478442.71966444
B_thetaiotaomicron	10	12	22864743.674419
B_uniformis	10	12	18958220.5077973
B_vulgatus	10	12	61738645.6538518
C_aerofaciens	10	12	960556.862862008
C_scindens	10	12	5092337.74127653
C_spiroforme	10	12	104628.149657305
P_distasonis	10	12	5820423.53847935
R_obeum	10	12	4771262.11892747
B_caccae	10	14	57630727.7174909
B_cellulosilyticus_WH2	10	14	62137400.1407473
B_ovatus	10	14	12635424.1511583
B_thetaiotaomicron	10	14	61337127.7890338
B_uniformis	10	14	21989223.1672511
B_vulgatus	10	14	29377003.5396161
C_aerofaciens	10	14	3588450.71795516
C_scindens	10	14	7415009.07506889
C_spiroforme	10	14	320793.702891464
P_distasonis	10	14	4217595.37454303
R_obeum	10	14	13789841.488166
B_caccae	10	15	53671867.5023157
B_cellulosilyticus_WH2	10	15	106323696.738417
B_ovatus	10	15	25421515.2679865
B_thetaiotaomicron	10	15	37602176.9423591
B_uniformis	10	15	28244675.6788885
B_vulgatus	10	15	20942202.2895076
C_aerofaciens	10	15	2401822.60004724
C_scindens	10	15	3280991.8681804
C_spiroforme	10	15	111877.472551555
P_distasonis	10	15	7596286.77660563
R_obeum	10	15	13212042.5096231
B_caccae	10	16	36923619.500125
B_cellulosilyticus_WH2	10	16	85194462.9806284
B_ovatus	10	16	21666646.5507292
B_thetaiotaomicron	10	16	42036253.3139934
B_uniformis	10	16	20408576.6622749
B_vulgatus	10	16	21279952.0349955
C_aerofaciens	10	16	4135588.72681529
C_scindens	10	16	6609143.08552122
C_spiroforme	10	16	176981.926440261
P_distasonis	10	16	9959650.7709985
R_obeum	10	16	28802128.0997908
B_caccae	10	18	43629377.8583825
B_cellulosilyticus_WH2	10	18	124798084.110571
B_ovatus	10	18	28669688.2849776
B_thetaiotaomicron	10	18	44026199.7587376
B_uniformis	10	18	22659538.0410474
B_vulgatus	10	18	40885884.7965696
C_aerofaciens	10	18	1596730.70231329
C_scindens	10	18	6595022.44534057
C_spiroforme	10	18	233306.248322027
P_distasonis	10	18	18396072.1120318
R_obeum	10	18	17562288.4178048
B_caccae	10	20	53782903.3189433
B_cellulosilyticus_WH2	10	20	116252531.041179
B_ovatus	10	20	38426312.3806876
B_thetaiotaomicron	10	20	34464525.107437
B_uniformis	10	20	23807034.2006984
B_vulgatus	10	20	61564493.4336521
C_aerofaciens	10	20	1891554.33704176
C_scindens	10	20	7924441.4334195
C_spiroforme	10	20	335446.359988534
P_distasonis	10	20	19089506.1897524
R_obeum	10	20	24969552.4211971
B_caccae	10	24	75948645.5364362
B_cellulosilyticus_WH2	10	24	170143389.195693
B_ovatus	10	24	65236773.1307541
B_thetaiotaomicron	10	24	43320110.9100256
B_uniformis	10	24	25791147.3660368
B_vulgatus	10	24	117021655.526921
C_aerofaciens	10	24	1952570.7294651
C_scindens	10	24	6131864.03643834
C_spiroforme	10	24	352604.936119066
P_distasonis	10	24	60413220.8962051
R_obeum	10	24	18604336.5538068
B_caccae	10	25	66137948.6889379
B_cellulosilyticus_WH2	10	25	125998889.534116
B_ovatus	10	25	80598058.8804822
B_thetaiotaomicron	10	25	34085388.0742792
B_uniformis	10	25	16965060.12871
B_vulgatus	10	25	70653198.448068
C_aerofaciens	10	25	2348940.82558686
C_scindens	10	25	5747515.10560146
C_spiroforme	10	25	252312.151369815
P_distasonis	10	25	23475360.7670016
R_obeum	10	25	21131119.7907447
B_caccae	10	26	58169777.998768
B_cellulosilyticus_WH2	10	26	113677619.883213
B_ovatus	10	26	80443323.6447265
B_thetaiotaomicron	10	26	32992420.0705486
B_uniformis	10	26	17841675.2634499
B_vulgatus	10	26	65909918.0608674
C_aerofaciens	10	26	3976143.75095012
C_scindens	10	26	8414543.79156405
C_spiroforme	10	26	199515.394145504
P_distasonis	10	26	28149558.32789
R_obeum	10	26	27938609.4002415
B_caccae	10	28	39117018.5346868
B_cellulosilyticus_WH2	10	28	47824289.1301277
B_ovatus	10	28	16980587.772775
B_thetaiotaomicron	10	28	19446607.2650177
B_uniformis	10	28	5318525.19560432
B_vulgatus	10	28	70515184.0700867
C_aerofaciens	10	28	2861191.16323648
C_scindens	10	28	4956273.23449693
C_spiroforme	10	28	193046.213888838
P_distasonis	10	28	40585507.007139
R_obeum	10	28	10140332.2181492
B_caccae	10	29	98379744.970347
B_cellulosilyticus_WH2	10	29	39864750.1782174
B_ovatus	10	29	7645355.72747291
B_thetaiotaomicron	10	29	39744948.8513672
B_uniformis	10	29	6934734.86506783
B_vulgatus	10	29	57666692.5885624
C_aerofaciens	10	29	3428074.08713437
C_scindens	10	29	14399154.0211176
C_spiroforme	10	29	377046.097857055
P_distasonis	10	29	16481526.7711021
R_obeum	10	29	10977810.1219149
B_caccae	10	30	104998746.854084
B_cellulosilyticus_WH2	10	30	36744382.8880171
B_ovatus	10	30	2847760.79284663
B_thetaiotaomicron	10	30	62466706.2483485
B_uniformis	10	30	6880828.65686853
B_vulgatus	10	30	61909140.7457407
C_aerofaciens	10	30	7588686.01448305
C_scindens	10	30	36750135.8960262
C_spiroforme	10	30	1820987.84412418
P_distasonis	10	30	7137598.75942605
R_obeum	10	30	18554708.5694522
B_caccae	10	32	70339873.9265059
B_cellulosilyticus_WH2	10	32	35013975.6835554
B_ovatus	10	32	1389783.70292392
B_thetaiotaomicron	10	32	37137421.3312595
B_uniformis	10	32	7568419.56103454
B_vulgatus	10	32	54016113.953972
C_aerofaciens	10	32	593880.36340906
C_scindens	10	32	4820854.6415167
C_spiroforme	10	32	586598.519188169
P_distasonis	10	32	7885934.58852083
R_obeum	10	32	2921256.45579817
B_caccae	10	34	63025032.5100416
B_cellulosilyticus_WH2	10	34	37420595.3190653
B_ovatus	10	34	1431933.5380295
B_thetaiotaomicron	10	34	29473856.2593981
B_uniformis	10	34	10247142.3547015
B_vulgatus	10	34	54871909.3502072
C_aerofaciens	10	34	597723.561419256
C_scindens	10	34	4039171.85852056
C_spiroforme	10	34	422843.556971365
P_distasonis	10	34	7089416.25021095
R_obeum	10	34	2802617.73885893
B_caccae	10	37	57626452.8409515
B_cellulosilyticus_WH2	10	37	36770972.1211704
B_ovatus	10	37	1298903.48381459
B_thetaiotaomicron	10	37	29495091.8366672
B_uniformis	10	37	8143970.09806529
B_vulgatus	10	37	61579303.9912309
C_aerofaciens	10	37	1131054.58325865
C_scindens	10	37	8520851.68441866
C_spiroforme	10	37	1533968.64234502
P_distasonis	10	37	8749383.7490856
R_obeum	10	37	3998433.70294505
B_caccae	10	39	57471616.8145954
B_cellulosilyticus_WH2	10	39	34273198.358216
B_ovatus	10	39	1223227.02065277
B_thetaiotaomicron	10	39	25769164.8712725
B_uniformis	10	39	5366146.24807913
B_vulgatus	10	39	60705075.4211244
C_aerofaciens	10	39	362077.437221323
C_scindens	10	39	3466127.38669796
C_spiroforme	10	39	701164.068025212
P_distasonis	10	39	8478490.43424877
R_obeum	10	39	1863329.29626304
B_caccae	10	40	55346939.6548722
B_cellulosilyticus_WH2	10	40	23146998.4806387
B_ovatus	10	40	1311886.08027186
B_thetaiotaomicron	10	40	46593197.5277887
B_uniformis	10	40	3070840.62252429
B_vulgatus	10	40	49593523.3406409
C_aerofaciens	10	40	3330396.62571886
C_scindens	10	40	20236208.7189094
C_spiroforme	10	40	2470020.69099958
P_distasonis	10	40	9887998.5569563
R_obeum	10	40	17135784.8403995
B_caccae	11	0	42341367.8715996
B_cellulosilyticus_WH2	11	0	22934579.3521126
B_ovatus	11	0	33731488.9369238
B_thetaiotaomicron	11	0	8773822.27140948
B_uniformis	11	0	1089396.97037231
B_vulgatus	11	0	75527967.9461609
C_aerofaciens	11	0	1153728.88094228
C_scindens	11	0	5274901.28796747
C_spiroforme	11	0	36659.8810586173
P_distasonis	11	0	155501.56440927
R_obeum	11	0	543713.566617927
B_caccae	11	1	117000806.756747
B_cellulosilyticus_WH2	11	1	26048279.5391046
B_ovatus	11	1	24850431.0198168
B_thetaiotaomicron	11	1	28916301.5372733
B_uniformis	11	1	2473836.84751655
B_vulgatus	11	1	86978001.699552
C_aerofaciens	11	1	3270625.65365935
C_scindens	11	1	13320524.7708419
C_spiroforme	11	1	1582649.72190815
P_distasonis	11	1	906137.739112214
R_obeum	11	1	305580.197735483
B_caccae	11	2	58637584.0766624
B_cellulosilyticus_WH2	11	2	8395084.80105181
B_ovatus	11	2	2182695.18690163
B_thetaiotaomicron	11	2	18438664.8305439
B_uniformis	11	2	4636131.20546503
B_vulgatus	11	2	17636646.5571229
C_aerofaciens	11	2	1088702.6185977
C_scindens	11	2	8804503.2435074
C_spiroforme	11	2	3379262.81565027
P_distasonis	11	2	368825.403623097
R_obeum	11	2	1512888.90097201
B_caccae	11	4	57662900.5304254
B_cellulosilyticus_WH2	11	4	13830181.3934066
B_ovatus	11	4	1214855.57909204
B_thetaiotaomicron	11	4	8709078.38789752
B_uniformis	11	4	6754601.96219727
B_vulgatus	11	4	24625794.9314032
C_aerofaciens	11	4	421864.347256311
C_scindens	11	4	2937929.61748223
C_spiroforme	11	4	3177341.69121501
P_distasonis	11	4	156917.501815352
R_obeum	11	4	2238204.26254664
B_caccae	11	6	81416356.358023
B_cellulosilyticus_WH2	11	6	16882878.3603774
B_ovatus	11	6	1720767.97667941
B_thetaiotaomicron	11	6	4033818.43794992
B_uniformis	11	6	4021090.74424724
B_vulgatus	11	6	35362991.5534794
C_aerofaciens	11	6	2913532.05683239
C_scindens	11	6	9083965.75397749
C_spiroforme	11	6	1287250.81723853
P_distasonis	11	6	77104.7686890498
R_obeum	11	6	8300536.83308006
B_caccae	11	9	40664222.5387464
B_cellulosilyticus_WH2	11	9	12735917.8739418
B_ovatus	11	9	1094600.53282426
B_thetaiotaomicron	11	9	6606212.63475327
B_uniformis	11	9	2067480.19936916
B_vulgatus	11	9	14365001.7720859
C_aerofaciens	11	9	2249474.15154608
C_scindens	11	9	3319520.95835629
C_spiroforme	11	9	610905.320094992
P_distasonis	11	9	187447.076650912
R_obeum	11	9	5178007.24789254
B_caccae	11	11	84746386.2544795
B_cellulosilyticus_WH2	11	11	29295385.4191779
B_ovatus	11	11	2985929.75045991
B_thetaiotaomicron	11	11	37153372.1020616
B_uniformis	11	11	4324261.95912116
B_vulgatus	11	11	35842328.3296477
C_aerofaciens	11	11	2301333.63017787
C_scindens	11	11	11012717.9272526
C_spiroforme	11	11	309885.98827815
P_distasonis	11	11	951791.004743899
R_obeum	11	11	10159321.6586156
B_caccae	11	12	153125264.661822
B_cellulosilyticus_WH2	11	12	39297614.2819043
B_ovatus	11	12	5115222.71151818
B_thetaiotaomicron	11	12	19850607.7859749
B_uniformis	11	12	8286103.30928391
B_vulgatus	11	12	94895305.7225156
C_aerofaciens	11	12	609813.634158119
C_scindens	11	12	4423572.26788585
C_spiroforme	11	12	114454.802608051
P_distasonis	11	12	1896602.66159208
R_obeum	11	12	4144989.20778585
B_caccae	11	14	104862443.545586
B_cellulosilyticus_WH2	11	14	62031516.482095
B_ovatus	11	14	11701711.6568795
B_thetaiotaomicron	11	14	150452613.757305
B_uniformis	11	14	16734167.097703
B_vulgatus	11	14	42370871.204749
C_aerofaciens	11	14	4665260.41617494
C_scindens	11	14	14167074.6134909
C_spiroforme	11	14	573892.46801812
P_distasonis	11	14	3884126.78771044
R_obeum	11	14	21726681.2604601
B_caccae	11	15	75051908.8399684
B_cellulosilyticus_WH2	11	15	75554754.9285202
B_ovatus	11	15	19171486.2484188
B_thetaiotaomicron	11	15	51279774.0307984
B_uniformis	11	15	14768955.786158
B_vulgatus	11	15	32792307.3623786
C_aerofaciens	11	15	4931055.41525322
C_scindens	11	15	13446066.3702516
C_spiroforme	11	15	462826.489804247
P_distasonis	11	15	2718778.23049774
R_obeum	11	15	28837969.5057726
B_caccae	11	16	56193317.9689159
B_cellulosilyticus_WH2	11	16	80302897.5534215
B_ovatus	11	16	17932702.0027815
B_thetaiotaomicron	11	16	33720784.0637975
B_uniformis	11	16	15829896.1305327
B_vulgatus	11	16	19401872.0538718
C_aerofaciens	11	16	3880830.9159039
C_scindens	11	16	8440712.67878607
C_spiroforme	11	16	311000.460706405
P_distasonis	11	16	6117604.44023601
R_obeum	11	16	29549107.6521017
B_caccae	11	18	46246350.6485328
B_cellulosilyticus_WH2	11	18	109938100.178615
B_ovatus	11	18	32234205.607904
B_thetaiotaomicron	11	18	25803179.9534513
B_uniformis	11	18	26553761.2114712
B_vulgatus	11	18	61112280.1265516
C_aerofaciens	11	18	2035672.19944012
C_scindens	11	18	4948882.9479056
C_spiroforme	11	18	217364.261041163
P_distasonis	11	18	13616960.5163683
R_obeum	11	18	17235044.4731339
B_caccae	11	20	27191506.2350235
B_cellulosilyticus_WH2	11	20	89577578.8864196
B_ovatus	11	20	33964348.8772922
B_thetaiotaomicron	11	20	28854930.4522817
B_uniformis	11	20	27170207.9987358
B_vulgatus	11	20	62794963.7169322
C_aerofaciens	11	20	3295790.86282099
C_scindens	11	20	10118742.5472814
C_spiroforme	11	20	460273.772739498
P_distasonis	11	20	11122676.8440425
R_obeum	11	20	28802413.1410278
B_caccae	11	24	32611704.2011341
B_cellulosilyticus_WH2	11	24	169511255.277049
B_ovatus	11	24	82784591.5073024
B_thetaiotaomicron	11	24	50327941.7030422
B_uniformis	11	24	69414095.399463
B_vulgatus	11	24	108969272.550049
C_aerofaciens	11	24	7399520.84949419
C_scindens	11	24	12112158.4145415
C_spiroforme	11	24	222689.331216569
P_distasonis	11	24	31987802.1360926
R_obeum	11	24	44022313.6811644
B_caccae	11	25	31683367.3180309
B_cellulosilyticus_WH2	11	25	132364575.739612
B_ovatus	11	25	79214720.6854181
B_thetaiotaomicron	11	25	38320048.175345
B_uniformis	11	25	54846727.6847814
B_vulgatus	11	25	76890632.8475442
C_aerofaciens	11	25	4006754.35897901
C_scindens	11	25	7023760.32178669
C_spiroforme	11	25	158989.929028389
P_distasonis	11	25	17298265.6680429
R_obeum	11	25	25085816.2914363
B_caccae	11	26	35540481.327547
B_cellulosilyticus_WH2	11	26	180770139.155049
B_ovatus	11	26	97801386.1108744
B_thetaiotaomicron	11	26	51073466.7642296
B_uniformis	11	26	56697561.5851047
B_vulgatus	11	26	119416221.624244
C_aerofaciens	11	26	11504051.4264908
C_scindens	11	26	14200373.0733699
C_spiroforme	11	26	208353.276723603
P_distasonis	11	26	29478391.7790842
R_obeum	11	26	48305985.4410931
B_caccae	11	28	54562439.753319
B_cellulosilyticus_WH2	11	28	74444593.3959222
B_ovatus	11	28	27554944.6792281
B_thetaiotaomicron	11	28	52964272.6174457
B_uniformis	11	28	8801386.51787857
B_vulgatus	11	28	92748916.5145688
C_aerofaciens	11	28	14477123.2547085
C_scindens	11	28	26771111.1554079
C_spiroforme	11	28	403209.455349971
P_distasonis	11	28	37073443.4452065
R_obeum	11	28	39437454.3421996
B_caccae	11	29	80552683.195335
B_cellulosilyticus_WH2	11	29	54357567.3212386
B_ovatus	11	29	6522471.58677839
B_thetaiotaomicron	11	29	54801638.8056978
B_uniformis	11	29	9884716.8256663
B_vulgatus	11	29	101488437.177086
C_aerofaciens	11	29	14666445.0018451
C_scindens	11	29	26683734.8848871
C_spiroforme	11	29	265011.409882793
P_distasonis	11	29	19313686.8626626
R_obeum	11	29	17040831.3628366
B_caccae	11	30	100138361.21267
B_cellulosilyticus_WH2	11	30	37485805.5848207
B_ovatus	11	30	2686678.97283698
B_thetaiotaomicron	11	30	86987408.8608801
B_uniformis	11	30	7496274.55594569
B_vulgatus	11	30	94645632.7893621
C_aerofaciens	11	30	9142418.72369665
C_scindens	11	30	38548800.9879852
C_spiroforme	11	30	634846.520930388
P_distasonis	11	30	10564321.3413475
R_obeum	11	30	22621220.0503236
B_caccae	11	32	78676939.0471061
B_cellulosilyticus_WH2	11	32	18344201.4281218
B_ovatus	11	32	3295042.01402893
B_thetaiotaomicron	11	32	38225373.1010857
B_uniformis	11	32	16470275.1094534
B_vulgatus	11	32	109023781.862745
C_aerofaciens	11	32	583459.883716862
C_scindens	11	32	4259178.90835256
C_spiroforme	11	32	282574.914557566
P_distasonis	11	32	8487935.60747835
R_obeum	11	32	2746211.80847364
B_caccae	11	34	107375457.754245
B_cellulosilyticus_WH2	11	34	47237197.6701861
B_ovatus	11	34	3085605.84301787
B_thetaiotaomicron	11	34	47785788.5194711
B_uniformis	11	34	9481488.05746071
B_vulgatus	11	34	108801527.816079
C_aerofaciens	11	34	717349.553920678
C_scindens	11	34	3978566.82278189
C_spiroforme	11	34	180260.893371315
P_distasonis	11	34	10301642.1441461
R_obeum	11	34	1864277.17065465
B_caccae	11	37	127795516.259443
B_cellulosilyticus_WH2	11	37	51209331.1118415
B_ovatus	11	37	2193623.51133385
B_thetaiotaomicron	11	37	62273706.0703293
B_uniformis	11	37	8987859.44384973
B_vulgatus	11	37	106222564.168287
C_aerofaciens	11	37	4822200.36570381
C_scindens	11	37	23683787.7317669
C_spiroforme	11	37	2410608.23481397
P_distasonis	11	37	10730570.4549422
R_obeum	11	37	12680961.8254786
B_caccae	11	39	87361354.2327636
B_cellulosilyticus_WH2	11	39	34183162.7363949
B_ovatus	11	39	1583348.60410483
B_thetaiotaomicron	11	39	45460475.8123607
B_uniformis	11	39	5327544.82513188
B_vulgatus	11	39	90116358.1897055
C_aerofaciens	11	39	613381.350380151
C_scindens	11	39	5066999.65510829
C_spiroforme	11	39	937893.179915182
P_distasonis	11	39	8328097.30945079
R_obeum	11	39	4302509.16997987
B_caccae	11	40	81246342.9530621
B_cellulosilyticus_WH2	11	40	25716727.6391862
B_ovatus	11	40	1937423.9529478
B_thetaiotaomicron	11	40	60259586.1512178
B_uniformis	11	40	4686996.42339314
B_vulgatus	11	40	66983917.4616246
C_aerofaciens	11	40	1806933.66881472
C_scindens	11	40	11046396.2310487
C_spiroforme	11	40	1374695.95198499
P_distasonis	11	40	7620541.2248608
R_obeum	11	40	9732221.74076639
B_caccae	12	0	21942926.812009
B_cellulosilyticus_WH2	12	0	10942151.3439294
B_ovatus	12	0	13054235.7398592
B_thetaiotaomicron	12	0	2101883.40125198
B_uniformis	12	0	467672.431336839
B_vulgatus	12	0	17776460.7165445
C_aerofaciens	12	0	1048747.72132822
C_scindens	12	0	2574416.96553976
C_spiroforme	12	0	75765.7579664645
P_distasonis	12	0	76291.8994284511
R_obeum	12	0	408899.29898257
B_caccae	12	1	70346393.7771022
B_cellulosilyticus_WH2	12	1	24978786.0991923
B_ovatus	12	1	18183436.3139823
B_thetaiotaomicron	12	1	27428037.0119058
B_uniformis	12	1	1437916.28695583
B_vulgatus	12	1	58394245.1293745
C_aerofaciens	12	1	3626118.79673224
C_scindens	12	1	10608041.9336879
C_spiroforme	12	1	606459.118628798
P_distasonis	12	1	692970.31771572
R_obeum	12	1	290761.176674525
B_caccae	12	2	48150736.1212079
B_cellulosilyticus_WH2	12	2	11030459.3200918
B_ovatus	12	2	2299162.94079369
B_thetaiotaomicron	12	2	13851156.809245
B_uniformis	12	2	2584810.21233885
B_vulgatus	12	2	20002643.328907
C_aerofaciens	12	2	1289957.71786661
C_scindens	12	2	6952831.98911085
C_spiroforme	12	2	1924574.13408942
P_distasonis	12	2	551071.559591956
R_obeum	12	2	1481422.00035768
B_caccae	12	4	49467318.209933
B_cellulosilyticus_WH2	12	4	15983678.0473362
B_ovatus	12	4	598083.604543106
B_thetaiotaomicron	12	4	6284730.03800429
B_uniformis	12	4	1765556.35013587
B_vulgatus	12	4	16972162.176614
C_aerofaciens	12	4	489047.773614704
C_scindens	12	4	2672695.03415623
C_spiroforme	12	4	2711732.46408572
P_distasonis	12	4	213104.241551077
R_obeum	12	4	1315658.2861003
B_caccae	12	6	66446999.0086197
B_cellulosilyticus_WH2	12	6	16664199.2210255
B_ovatus	12	6	1580456.81894419
B_thetaiotaomicron	12	6	10062704.0738504
B_uniformis	12	6	2552698.75374598
B_vulgatus	12	6	32062655.0633381
C_aerofaciens	12	6	2919181.90204037
C_scindens	12	6	10490478.9423095
C_spiroforme	12	6	1125709.67135622
P_distasonis	12	6	190244.792734832
R_obeum	12	6	9940701.25057188
B_caccae	12	9	34784158.8299475
B_cellulosilyticus_WH2	12	9	9000302.94904624
B_ovatus	12	9	959505.655438634
B_thetaiotaomicron	12	9	6217286.9781431
B_uniformis	12	9	3165839.33066382
B_vulgatus	12	9	17568973.7945379
C_aerofaciens	12	9	989229.740387183
C_scindens	12	9	2890858.20987182
C_spiroforme	12	9	124908.970886925
P_distasonis	12	9	684543.141827254
R_obeum	12	9	3170746.58655026
B_caccae	12	11	118284262.796881
B_cellulosilyticus_WH2	12	11	41004148.1587382
B_ovatus	12	11	2179701.47100507
B_thetaiotaomicron	12	11	27785360.0246596
B_uniformis	12	11	12147558.7533215
B_vulgatus	12	11	60399514.9769946
C_aerofaciens	12	11	1727081.45570357
C_scindens	12	11	6567744.93976787
C_spiroforme	12	11	81319.6461616292
P_distasonis	12	11	7102097.43537319
R_obeum	12	11	5027867.55521755
B_caccae	12	12	133599724.566917
B_cellulosilyticus_WH2	12	12	37079018.7166714
B_ovatus	12	12	2304051.2907807
B_thetaiotaomicron	12	12	15246796.3372772
B_uniformis	12	12	11842171.2898287
B_vulgatus	12	12	74599892.9181885
C_aerofaciens	12	12	939733.514787085
C_scindens	12	12	5149527.22296592
C_spiroforme	12	12	119327.605347587
P_distasonis	12	12	5832051.25956161
R_obeum	12	12	3767604.64096966
B_caccae	12	14	100546525.730329
B_cellulosilyticus_WH2	12	14	89074758.088626
B_ovatus	12	14	16618962.8128901
B_thetaiotaomicron	12	14	76765749.0522109
B_uniformis	12	14	24222555.9867865
B_vulgatus	12	14	65124678.7273944
C_aerofaciens	12	14	3152547.79860801
C_scindens	12	14	15302046.8761962
C_spiroforme	12	14	957737.874873386
P_distasonis	12	14	7984756.10242336
R_obeum	12	14	32930191.3324534
B_caccae	12	15	109361058.514316
B_cellulosilyticus_WH2	12	15	129195426.962047
B_ovatus	12	15	37146084.1972759
B_thetaiotaomicron	12	15	47548400.5072771
B_uniformis	12	15	30957917.6035143
B_vulgatus	12	15	64841851.939181
C_aerofaciens	12	15	3345635.68206892
C_scindens	12	15	10475250.2748778
C_spiroforme	12	15	512455.813816951
P_distasonis	12	15	9220816.97093142
R_obeum	12	15	33112119.8903561
B_caccae	12	16	61842071.555639
B_cellulosilyticus_WH2	12	16	93626596.4417822
B_ovatus	12	16	24386627.7813183
B_thetaiotaomicron	12	16	39545086.6488875
B_uniformis	12	16	20998873.5979961
B_vulgatus	12	16	27230450.8401469
C_aerofaciens	12	16	2360999.33664766
C_scindens	12	16	6818326.84089703
C_spiroforme	12	16	325213.348776924
P_distasonis	12	16	11336499.0217522
R_obeum	12	16	30645854.9615676
B_caccae	12	18	50607327.9168284
B_cellulosilyticus_WH2	12	18	126278178.074869
B_ovatus	12	18	34626957.9283073
B_thetaiotaomicron	12	18	27591191.7064761
B_uniformis	12	18	27289849.7897893
B_vulgatus	12	18	52541634.6607689
C_aerofaciens	12	18	1134586.99080583
C_scindens	12	18	4250995.96013908
C_spiroforme	12	18	142191.848859662
P_distasonis	12	18	16180201.3873576
R_obeum	12	18	14371940.6924805
B_caccae	12	20	56551684.9559938
B_cellulosilyticus_WH2	12	20	139797872.586025
B_ovatus	12	20	36563719.4688426
B_thetaiotaomicron	12	20	39067599.9406573
B_uniformis	12	20	23495327.2900011
B_vulgatus	12	20	84668588.78503
C_aerofaciens	12	20	2011353.58354962
C_scindens	12	20	9928555.52627737
C_spiroforme	12	20	326353.376876452
P_distasonis	12	20	24022300.4870196
R_obeum	12	20	22812957.357103
B_caccae	12	24	56195817.7731638
B_cellulosilyticus_WH2	12	24	146706509.400781
B_ovatus	12	24	57422343.5876942
B_thetaiotaomicron	12	24	33953009.0837196
B_uniformis	12	24	34326588.0433336
B_vulgatus	12	24	87454174.2405969
C_aerofaciens	12	24	3973832.3298582
C_scindens	12	24	11996315.9806688
C_spiroforme	12	24	328938.213023945
P_distasonis	12	24	40110489.7301158
R_obeum	12	24	29244513.1134864
B_caccae	12	25	58663060.1480332
B_cellulosilyticus_WH2	12	25	125130857.311167
B_ovatus	12	25	62661089.6839944
B_thetaiotaomicron	12	25	27050146.4880984
B_uniformis	12	25	38893181.0207402
B_vulgatus	12	25	75856365.8258687
C_aerofaciens	12	25	2792767.69909495
C_scindens	12	25	8487243.40969685
C_spiroforme	12	25	248851.544089564
P_distasonis	12	25	27969114.450559
R_obeum	12	25	18886884.8828884
B_caccae	12	26	43987162.486175
B_cellulosilyticus_WH2	12	26	102905395.260766
B_ovatus	12	26	56609576.9533717
B_thetaiotaomicron	12	26	24257828.3352719
B_uniformis	12	26	41775898.9429452
B_vulgatus	12	26	52223549.5256293
C_aerofaciens	12	26	888253.855101801
C_scindens	12	26	2348454.30608843
C_spiroforme	12	26	100558.155217279
P_distasonis	12	26	16936863.7073869
R_obeum	12	26	7563732.2261562
B_caccae	12	28	90742236.6698592
B_cellulosilyticus_WH2	12	28	72788081.2328184
B_ovatus	12	28	25370193.2982224
B_thetaiotaomicron	12	28	37285098.8311483
B_uniformis	12	28	11201463.3994884
B_vulgatus	12	28	93491165.9013725
C_aerofaciens	12	28	11606742.3809033
C_scindens	12	28	34156287.4408278
C_spiroforme	12	28	654652.45149377
P_distasonis	12	28	28905843.5715853
R_obeum	12	28	46911777.9699538
B_caccae	12	29	125266308.596065
B_cellulosilyticus_WH2	12	29	59430196.2894887
B_ovatus	12	29	5109703.5466944
B_thetaiotaomicron	12	29	40554607.3595377
B_uniformis	12	29	8837027.48840377
B_vulgatus	12	29	96902003.6285673
C_aerofaciens	12	29	7091156.3467354
C_scindens	12	29	27914041.4318546
C_spiroforme	12	29	293898.643245407
P_distasonis	12	29	19379738.0829829
R_obeum	12	29	30034191.4546164
B_caccae	12	30	122178183.723585
B_cellulosilyticus_WH2	12	30	48570902.8865806
B_ovatus	12	30	1397097.5059286
B_thetaiotaomicron	12	30	39066566.5820263
B_uniformis	12	30	8573482.77503014
B_vulgatus	12	30	80246260.5537479
C_aerofaciens	12	30	13648191.6665592
C_scindens	12	30	43639131.4477042
C_spiroforme	12	30	362225.515486417
P_distasonis	12	30	10835968.7830449
R_obeum	12	30	21676633.9104551
B_caccae	12	32	140643477.094548
B_cellulosilyticus_WH2	12	32	50567735.2658023
B_ovatus	12	32	1479149.5069451
B_thetaiotaomicron	12	32	55550979.9874649
B_uniformis	12	32	7978999.37718494
B_vulgatus	12	32	114273925.613692
C_aerofaciens	12	32	694264.540384943
C_scindens	12	32	6386951.03997955
C_spiroforme	12	32	738507.631150597
P_distasonis	12	32	6957869.04228288
R_obeum	12	32	4120889.41553709
B_caccae	12	34	75731194.3315174
B_cellulosilyticus_WH2	12	34	40839971.2682149
B_ovatus	12	34	939841.47675861
B_thetaiotaomicron	12	34	35735332.8785591
B_uniformis	12	34	6583778.55190608
B_vulgatus	12	34	81385807.7293563
C_aerofaciens	12	34	751362.564498609
C_scindens	12	34	4702896.22747156
C_spiroforme	12	34	266574.941940719
P_distasonis	12	34	8165083.25137909
R_obeum	12	34	2998669.12291832
B_caccae	12	37	73631903.0461948
B_cellulosilyticus_WH2	12	37	24825682.7351535
B_ovatus	12	37	782946.46317903
B_thetaiotaomicron	12	37	30621806.0119895
B_uniformis	12	37	3122700.73447578
B_vulgatus	12	37	63591580.8582967
C_aerofaciens	12	37	860993.435011193
C_scindens	12	37	3823689.94085414
C_spiroforme	12	37	342531.631058092
P_distasonis	12	37	10879670.116072
R_obeum	12	37	2610800.6968068
B_caccae	12	39	92603953.7728745
B_cellulosilyticus_WH2	12	39	23197800.2870873
B_ovatus	12	39	906093.414194782
B_thetaiotaomicron	12	39	33651780.690674
B_uniformis	12	39	2409407.88436832
B_vulgatus	12	39	84881485.5417475
C_aerofaciens	12	39	788294.012973059
C_scindens	12	39	6143415.06854357
C_spiroforme	12	39	854638.777360581
P_distasonis	12	39	9845812.4133203
R_obeum	12	39	6176970.19578018
B_caccae	12	40	105931882.666752
B_cellulosilyticus_WH2	12	40	22106181.3827651
B_ovatus	12	40	1419026.43018199
B_thetaiotaomicron	12	40	62462329.6371176
B_uniformis	12	40	1910270.48063826
B_vulgatus	12	40	53353403.7820788
C_aerofaciens	12	40	3021630.81972638
C_scindens	12	40	20400882.3296673
C_spiroforme	12	40	2285782.26824831
P_distasonis	12	40	8417992.75025347
R_obeum	12	40	19155430.2937847
B_caccae	13	0	53590724.5967007
B_cellulosilyticus_WH2	13	0	44033474.3543719
B_ovatus	13	0	48863588.1352023
B_thetaiotaomicron	13	0	12808319.9567889
B_uniformis	13	0	1820792.2961864
B_vulgatus	13	0	64311868.6110712
C_aerofaciens	13	0	1859403.02326729
C_scindens	13	0	7084602.48002167
C_spiroforme	13	0	121199.288894327
P_distasonis	13	0	534619.138588181
R_obeum	13	0	1149107.83956944
B_caccae	13	1	58214723.070032
B_cellulosilyticus_WH2	13	1	25129518.6268139
B_ovatus	13	1	23145083.2555846
B_thetaiotaomicron	13	1	14900739.6647408
B_uniformis	13	1	952514.56380285
B_vulgatus	13	1	35433795.563583
C_aerofaciens	13	1	1024053.64323638
C_scindens	13	1	5029319.42726773
C_spiroforme	13	1	542160.355140277
P_distasonis	13	1	1187198.73779551
R_obeum	13	1	242060.390436046
B_caccae	13	2	53325706.3299601
B_cellulosilyticus_WH2	13	2	9373236.46913229
B_ovatus	13	2	5359822.73553689
B_thetaiotaomicron	13	2	34924386.2012036
B_uniformis	13	2	1810294.42780186
B_vulgatus	13	2	20812710.1716009
C_aerofaciens	13	2	1398512.84925139
C_scindens	13	2	11176762.4523149
C_spiroforme	13	2	3000262.73478507
P_distasonis	13	2	955677.006585773
R_obeum	13	2	780592.779611906
B_caccae	13	4	73817106.904435
B_cellulosilyticus_WH2	13	4	18254782.6955354
B_ovatus	13	4	1502684.26643652
B_thetaiotaomicron	13	4	13043979.1606639
B_uniformis	13	4	8636550.48486468
B_vulgatus	13	4	34245541.3107719
C_aerofaciens	13	4	793609.337917358
C_scindens	13	4	6242500.42696904
C_spiroforme	13	4	3502015.37723097
P_distasonis	13	4	199185.881372642
R_obeum	13	4	3124591.19096851
B_caccae	13	6	63678645.7253063
B_cellulosilyticus_WH2	13	6	26835314.7509946
B_ovatus	13	6	1777800.55859917
B_thetaiotaomicron	13	6	14207958.8128438
B_uniformis	13	6	7292496.75378659
B_vulgatus	13	6	26246363.0316206
C_aerofaciens	13	6	714459.625452649
C_scindens	13	6	3510269.1134222
C_spiroforme	13	6	828088.007376613
P_distasonis	13	6	2125674.69114567
R_obeum	13	6	1763652.51367999
B_caccae	13	9	49062979.7731809
B_cellulosilyticus_WH2	13	9	22711877.684385
B_ovatus	13	9	1890873.74155356
B_thetaiotaomicron	13	9	8857404.29624884
B_uniformis	13	9	5822709.94471377
B_vulgatus	13	9	22062426.3015146
C_aerofaciens	13	9	2503705.5682797
C_scindens	13	9	7829919.60068769
C_spiroforme	13	9	1286849.65109122
P_distasonis	13	9	1659903.17688206
R_obeum	13	9	4729690.49421951
B_caccae	13	11	61293680.259422
B_cellulosilyticus_WH2	13	11	41887778.9134517
B_ovatus	13	11	3621177.02745678
B_thetaiotaomicron	13	11	22627637.4000211
B_uniformis	13	11	14485674.7927242
B_vulgatus	13	11	48098956.5345131
C_aerofaciens	13	11	329770.465622811
C_scindens	13	11	1710321.54574021
C_spiroforme	13	11	83553.470429439
P_distasonis	13	11	4677416.43590941
R_obeum	13	11	1734011.43280993
B_caccae	13	12	70098212.3069622
B_cellulosilyticus_WH2	13	12	32111605.345595
B_ovatus	13	12	2981749.08329293
B_thetaiotaomicron	13	12	17620675.5816642
B_uniformis	13	12	11091317.9821227
B_vulgatus	13	12	43444951.3198759
C_aerofaciens	13	12	1391575.10069108
C_scindens	13	12	4742209.72720598
C_spiroforme	13	12	139630.701257342
P_distasonis	13	12	5114614.26687726
R_obeum	13	12	3611626.89998861
B_caccae	13	14	93022101.869169
B_cellulosilyticus_WH2	13	14	91325501.7785107
B_ovatus	13	14	17235439.1442446
B_thetaiotaomicron	13	14	54855598.7417931
B_uniformis	13	14	22353891.1019941
B_vulgatus	13	14	53716774.39178
C_aerofaciens	13	14	1733715.37593931
C_scindens	13	14	11448410.028481
C_spiroforme	13	14	1178564.30138282
P_distasonis	13	14	6057160.40650374
R_obeum	13	14	27837451.9329902
B_caccae	13	15	23585983.2502413
B_cellulosilyticus_WH2	13	15	35615755.3956489
B_ovatus	13	15	8579895.97461158
B_thetaiotaomicron	13	15	18029668.7826462
B_uniformis	13	15	7480226.44736087
B_vulgatus	13	15	15325297.2251293
C_aerofaciens	13	15	821723.511336429
C_scindens	13	15	2749200.70907006
C_spiroforme	13	15	110476.931991922
P_distasonis	13	15	3008338.3169095
R_obeum	13	15	9005529.54125543
B_caccae	13	16	49018301.7929498
B_cellulosilyticus_WH2	13	16	99240390.9957951
B_ovatus	13	16	26654463.9316071
B_thetaiotaomicron	13	16	26799414.1159468
B_uniformis	13	16	15613871.6387819
B_vulgatus	13	16	34921928.9322758
C_aerofaciens	13	16	2756416.62378546
C_scindens	13	16	4780330.942641
C_spiroforme	13	16	197620.580852901
P_distasonis	13	16	8076041.07608748
R_obeum	13	16	28441844.0891598
B_caccae	13	18	50323597.5384628
B_cellulosilyticus_WH2	13	18	152852010.405396
B_ovatus	13	18	48286873.5772924
B_thetaiotaomicron	13	18	38247125.9611408
B_uniformis	13	18	23208179.5210531
B_vulgatus	13	18	57971452.8429163
C_aerofaciens	13	18	2911954.86943117
C_scindens	13	18	8718206.51796196
C_spiroforme	13	18	263440.427500853
P_distasonis	13	18	24816247.0914035
R_obeum	13	18	36258092.0687896
B_caccae	13	20	30418236.2900595
B_cellulosilyticus_WH2	13	20	146037212.600403
B_ovatus	13	20	48389460.5998559
B_thetaiotaomicron	13	20	38258756.4837175
B_uniformis	13	20	28885188.043815
B_vulgatus	13	20	59653175.0557687
C_aerofaciens	13	20	3656725.92999769
C_scindens	13	20	12084042.2803644
C_spiroforme	13	20	337434.771636784
P_distasonis	13	20	27156583.8413889
R_obeum	13	20	37489283.0538034
B_caccae	13	24	38448716.2950869
B_cellulosilyticus_WH2	13	24	206541342.100059
B_ovatus	13	24	76104067.8627258
B_thetaiotaomicron	13	24	52531751.1939774
B_uniformis	13	24	46180219.8021042
B_vulgatus	13	24	82224386.9408661
C_aerofaciens	13	24	5377764.63535839
C_scindens	13	24	12545793.903365
C_spiroforme	13	24	259356.108663453
P_distasonis	13	24	44934957.6396308
R_obeum	13	24	47123577.8548667
B_caccae	13	25	30357341.8013106
B_cellulosilyticus_WH2	13	25	116050631.173264
B_ovatus	13	25	62199124.6952771
B_thetaiotaomicron	13	25	34649121.7238957
B_uniformis	13	25	32906823.3569201
B_vulgatus	13	25	52685221.8090755
C_aerofaciens	13	25	3523792.76923358
C_scindens	13	25	9303997.29247157
C_spiroforme	13	25	334481.776138125
P_distasonis	13	25	12132782.705897
R_obeum	13	25	32276438.5814048
B_caccae	13	26	29424515.9128379
B_cellulosilyticus_WH2	13	26	123555234.143699
B_ovatus	13	26	62270063.5803399
B_thetaiotaomicron	13	26	32824543.9637163
B_uniformis	13	26	36535593.865876
B_vulgatus	13	26	55609134.0071313
C_aerofaciens	13	26	3101155.19329084
C_scindens	13	26	5100274.3589263
C_spiroforme	13	26	137621.409398185
P_distasonis	13	26	12557458.7095681
R_obeum	13	26	19515798.3775161
B_caccae	13	28	36578192.4673203
B_cellulosilyticus_WH2	13	28	116588938.100633
B_ovatus	13	28	32705255.2577627
B_thetaiotaomicron	13	28	57703674.4724389
B_uniformis	13	28	20082923.6846991
B_vulgatus	13	28	124893884.124484
C_aerofaciens	13	28	4310178.94413166
C_scindens	13	28	13519440.3958099
C_spiroforme	13	28	435506.430915454
P_distasonis	13	28	44402943.7427856
R_obeum	13	28	22970672.1518657
B_caccae	13	29	38360219.6410609
B_cellulosilyticus_WH2	13	29	41733847.8675642
B_ovatus	13	29	4705674.25692848
B_thetaiotaomicron	13	29	27457826.0493119
B_uniformis	13	29	10825702.0068419
B_vulgatus	13	29	74219169.2006136
C_aerofaciens	13	29	4013086.13130003
C_scindens	13	29	13106563.582437
C_spiroforme	13	29	249465.884570255
P_distasonis	13	29	12024766.5378756
R_obeum	13	29	12238420.7042228
B_caccae	13	30	103117117.343845
B_cellulosilyticus_WH2	13	30	106250694.377108
B_ovatus	13	30	3377738.73512624
B_thetaiotaomicron	13	30	69284646.6391767
B_uniformis	13	30	21572845.084796
B_vulgatus	13	30	168332464.896306
C_aerofaciens	13	30	12567459.1093856
C_scindens	13	30	42056631.3573399
C_spiroforme	13	30	2714955.63424946
P_distasonis	13	30	14390938.9340356
R_obeum	13	30	35129370.2576195
B_caccae	13	32	45179295.6204907
B_cellulosilyticus_WH2	13	32	64937498.02985
B_ovatus	13	32	1061709.9333715
B_thetaiotaomicron	13	32	28728620.3125993
B_uniformis	13	32	9375613.61693287
B_vulgatus	13	32	87276296.8591514
C_aerofaciens	13	32	610265.989962075
C_scindens	13	32	3278372.7281777
C_spiroforme	13	32	360925.692957985
P_distasonis	13	32	7337025.02121901
R_obeum	13	32	1908763.51076286
B_caccae	13	34	42179069.9621385
B_cellulosilyticus_WH2	13	34	55294001.4329189
B_ovatus	13	34	1841438.69456046
B_thetaiotaomicron	13	34	39392262.5924367
B_uniformis	13	34	8145624.16708009
B_vulgatus	13	34	101347934.485458
C_aerofaciens	13	34	1153094.83350837
C_scindens	13	34	8011209.07917526
C_spiroforme	13	34	798256.420331169
P_distasonis	13	34	5409557.99476431
R_obeum	13	34	3469673.11351092
B_caccae	13	37	53392524.6588806
B_cellulosilyticus_WH2	13	37	48044068.6349582
B_ovatus	13	37	3134306.8378098
B_thetaiotaomicron	13	37	60553989.2395059
B_uniformis	13	37	7740017.4658779
B_vulgatus	13	37	118755193.890874
C_aerofaciens	13	37	1433731.38734403
C_scindens	13	37	10653042.4463799
C_spiroforme	13	37	1233854.03369267
P_distasonis	13	37	16648461.4947147
R_obeum	13	37	5227365.83342591
B_caccae	13	39	31083673.6852964
B_cellulosilyticus_WH2	13	39	27294864.7420434
B_ovatus	13	39	1283073.66612484
B_thetaiotaomicron	13	39	32843227.1577865
B_uniformis	13	39	2996876.98000573
B_vulgatus	13	39	60805119.5394905
C_aerofaciens	13	39	502296.613284533
C_scindens	13	39	2750702.1899893
C_spiroforme	13	39	289668.282477101
P_distasonis	13	39	8905303.33668751
R_obeum	13	39	1867158.61783482
B_caccae	13	40	49030160.3176721
B_cellulosilyticus_WH2	13	40	28773051.2433417
B_ovatus	13	40	2048917.74474815
B_thetaiotaomicron	13	40	90976288.2621913
B_uniformis	13	40	3248646.8381179
B_vulgatus	13	40	85274563.0245414
C_aerofaciens	13	40	2839864.34811929
C_scindens	13	40	22325557.6354666
C_spiroforme	13	40	1425405.19934661
P_distasonis	13	40	11477883.0591099
R_obeum	13	40	25015678.7229911
B_caccae	14	0	7515377.38558212
B_cellulosilyticus_WH2	14	0	10019731.6780458
B_ovatus	14	0	11302250.5256901
B_thetaiotaomicron	14	0	2788564.34345781
B_uniformis	14	0	464747.495890519
B_vulgatus	14	0	18683481.6613694
C_aerofaciens	14	0	227371.864264223
C_scindens	14	0	1283404.57105171
C_spiroforme	14	0	18017.9350281327
P_distasonis	14	0	66785.2405138032
R_obeum	14	0	233372.391782498
B_caccae	14	1	51465741.4145858
B_cellulosilyticus_WH2	14	1	26764208.663583
B_ovatus	14	1	20634238.119202
B_thetaiotaomicron	14	1	21218734.7487994
B_uniformis	14	1	1226252.99591806
B_vulgatus	14	1	63097911.5812202
C_aerofaciens	14	1	3190481.97867557
C_scindens	14	1	11087967.1773428
C_spiroforme	14	1	457134.85858298
P_distasonis	14	1	570484.826991138
R_obeum	14	1	499279.831398528
B_caccae	14	2	109085978.438954
B_cellulosilyticus_WH2	14	2	18106312.0865483
B_ovatus	14	2	7158284.44343936
B_thetaiotaomicron	14	2	31341009.7839042
B_uniformis	14	2	5631248.5775028
B_vulgatus	14	2	32872867.8594996
C_aerofaciens	14	2	1802184.12538315
C_scindens	14	2	16527426.3260792
C_spiroforme	14	2	6220084.43362313
P_distasonis	14	2	668209.371407009
R_obeum	14	2	2697877.68082508
B_caccae	14	4	172355540.662144
B_cellulosilyticus_WH2	14	4	42180120.2025204
B_ovatus	14	4	2566456.2215848
B_thetaiotaomicron	14	4	21036931.8003508
B_uniformis	14	4	22897018.638973
B_vulgatus	14	4	45451534.605527
C_aerofaciens	14	4	711974.229661245
C_scindens	14	4	4643425.91478148
C_spiroforme	14	4	3356664.98779629
P_distasonis	14	4	642037.787324808
R_obeum	14	4	2154199.82839141
B_caccae	14	6	55312161.3663081
B_cellulosilyticus_WH2	14	6	22987862.3037887
B_ovatus	14	6	1874855.49536943
B_thetaiotaomicron	14	6	8590249.93099968
B_uniformis	14	6	4269922.77599698
B_vulgatus	14	6	30852105.6945822
C_aerofaciens	14	6	737708.279340218
C_scindens	14	6	2741939.49918665
C_spiroforme	14	6	1310010.33628614
P_distasonis	14	6	312710.770900442
R_obeum	14	6	1906537.49895257
B_caccae	14	9	22598962.9282605
B_cellulosilyticus_WH2	14	9	7013129.98152774
B_ovatus	14	9	1115405.25525377
B_thetaiotaomicron	14	9	4298344.6753181
B_uniformis	14	9	2174511.66460596
B_vulgatus	14	9	12852226.4769346
C_aerofaciens	14	9	463899.419217396
C_scindens	14	9	2229818.64810879
C_spiroforme	14	9	28434.0197151531
P_distasonis	14	9	953722.544113284
R_obeum	14	9	1459762.27271358
B_caccae	14	11	93361150.5446676
B_cellulosilyticus_WH2	14	11	31527674.0735984
B_ovatus	14	11	3590391.23703826
B_thetaiotaomicron	14	11	25463394.3458177
B_uniformis	14	11	13222576.7140551
B_vulgatus	14	11	69282865.6041553
C_aerofaciens	14	11	1170159.52802205
C_scindens	14	11	5350015.43392734
C_spiroforme	14	11	110668.188258361
P_distasonis	14	11	7165296.98142756
R_obeum	14	11	3602432.01714079
B_caccae	14	12	87474734.6694594
B_cellulosilyticus_WH2	14	12	28102578.3082608
B_ovatus	14	12	2741761.2251226
B_thetaiotaomicron	14	12	15980329.391668
B_uniformis	14	12	11234779.277444
B_vulgatus	14	12	62355728.475732
C_aerofaciens	14	12	909991.03910832
C_scindens	14	12	4053050.3539249
C_spiroforme	14	12	130048.737642622
P_distasonis	14	12	4767796.71644126
R_obeum	14	12	2434586.23110055
B_caccae	14	14	85130298.8566637
B_cellulosilyticus_WH2	14	14	65506114.5637751
B_ovatus	14	14	12413114.0875994
B_thetaiotaomicron	14	14	101379473.634597
B_uniformis	14	14	33119891.5716937
B_vulgatus	14	14	59071604.4415975
C_aerofaciens	14	14	4349280.91064877
C_scindens	14	14	16035402.1694693
C_spiroforme	14	14	410197.786618842
P_distasonis	14	14	5557779.03112306
R_obeum	14	14	21982893.6616948
B_caccae	14	15	64594335.4015883
B_cellulosilyticus_WH2	14	15	129638197.019806
B_ovatus	14	15	27281542.8886625
B_thetaiotaomicron	14	15	35387851.0159929
B_uniformis	14	15	21407206.1954353
B_vulgatus	14	15	53989101.4092179
C_aerofaciens	14	15	3855169.4735801
C_scindens	14	15	6898447.07668956
C_spiroforme	14	15	344574.774012021
P_distasonis	14	15	6821490.28323066
R_obeum	14	15	25811956.0712005
B_caccae	14	16	44826367.2842611
B_cellulosilyticus_WH2	14	16	101274133.796995
B_ovatus	14	16	26559396.6898426
B_thetaiotaomicron	14	16	28539999.6931448
B_uniformis	14	16	14173736.404491
B_vulgatus	14	16	25806889.856504
C_aerofaciens	14	16	2699307.59277368
C_scindens	14	16	7276695.52308009
C_spiroforme	14	16	1296887.77877758
P_distasonis	14	16	10092443.5793079
R_obeum	14	16	35879006.3632238
B_caccae	14	18	43421361.1648251
B_cellulosilyticus_WH2	14	18	165172714.710032
B_ovatus	14	18	37876266.5189118
B_thetaiotaomicron	14	18	32000471.5247203
B_uniformis	14	18	23270201.2717073
B_vulgatus	14	18	52511762.6873886
C_aerofaciens	14	18	1606487.84982293
C_scindens	14	18	3864432.06861383
C_spiroforme	14	18	147704.686348635
P_distasonis	14	18	20116668.2416724
R_obeum	14	18	14647096.7953262
B_caccae	14	20	47419876.0603111
B_cellulosilyticus_WH2	14	20	142257175.144792
B_ovatus	14	20	43856979.4033015
B_thetaiotaomicron	14	20	34398973.1420865
B_uniformis	14	20	26681250.266626
B_vulgatus	14	20	62890961.4257042
C_aerofaciens	14	20	5691729.35573473
C_scindens	14	20	12833875.1250049
C_spiroforme	14	20	424965.549743562
P_distasonis	14	20	23385683.2064658
R_obeum	14	20	31787286.0688415
B_caccae	14	24	34750000.3021126
B_cellulosilyticus_WH2	14	24	127838974.522153
B_ovatus	14	24	66180120.0974249
B_thetaiotaomicron	14	24	37152418.071843
B_uniformis	14	24	50190667.7441465
B_vulgatus	14	24	79371791.4618426
C_aerofaciens	14	24	2462042.36072763
C_scindens	14	24	5702996.18217125
C_spiroforme	14	24	251168.883839179
P_distasonis	14	24	15703990.4305934
R_obeum	14	24	19462437.197972
B_caccae	14	25	32879020.1423496
B_cellulosilyticus_WH2	14	25	139710301.86135
B_ovatus	14	25	72189443.6385116
B_thetaiotaomicron	14	25	39427893.4296937
B_uniformis	14	25	53471130.1852668
B_vulgatus	14	25	86561429.9381732
C_aerofaciens	14	25	3338938.96888238
C_scindens	14	25	7139921.53134743
C_spiroforme	14	25	215655.849860917
P_distasonis	14	25	15838116.9848848
R_obeum	14	25	22632211.6665806
B_caccae	14	26	25875387.4871441
B_cellulosilyticus_WH2	14	26	133860995.788661
B_ovatus	14	26	77434356.9219115
B_thetaiotaomicron	14	26	36376455.7597241
B_uniformis	14	26	57029036.1587807
B_vulgatus	14	26	74084768.6123747
C_aerofaciens	14	26	4301482.21322709
C_scindens	14	26	8953032.37204293
C_spiroforme	14	26	245939.430880738
P_distasonis	14	26	12924285.9980325
R_obeum	14	26	30679789.8020405
B_caccae	14	29	96950355.4940518
B_cellulosilyticus_WH2	14	29	55748231.5070701
B_ovatus	14	29	4336581.00622495
B_thetaiotaomicron	14	29	39030041.4902434
B_uniformis	14	29	24541371.4539213
B_vulgatus	14	29	133286548.735587
C_aerofaciens	14	29	4441524.62694721
C_scindens	14	29	18381280.8259491
C_spiroforme	14	29	296037.960274212
P_distasonis	14	29	21687390.5042278
R_obeum	14	29	17911627.8837244
B_caccae	14	30	79469556.1410814
B_cellulosilyticus_WH2	14	30	38795521.0709633
B_ovatus	14	30	1114395.45188852
B_thetaiotaomicron	14	30	30663380.9629824
B_uniformis	14	30	14093627.7811399
B_vulgatus	14	30	80260714.7146183
C_aerofaciens	14	30	5930653.86688408
C_scindens	14	30	24030807.8588302
C_spiroforme	14	30	386700.384819895
P_distasonis	14	30	8944783.20541079
R_obeum	14	30	18983535.3424263
B_caccae	14	32	103374116.788647
B_cellulosilyticus_WH2	14	32	37062682.2895342
B_ovatus	14	32	1028455.86973388
B_thetaiotaomicron	14	32	20296137.5787813
B_uniformis	14	32	6758418.75762501
B_vulgatus	14	32	69041992.5171439
C_aerofaciens	14	32	827697.466704135
C_scindens	14	32	4408239.50759121
C_spiroforme	14	32	647198.68537475
P_distasonis	14	32	5530200.11137764
R_obeum	14	32	2912790.23245447
B_caccae	14	34	94654749.0594103
B_cellulosilyticus_WH2	14	34	41784238.6191714
B_ovatus	14	34	993197.613579324
B_thetaiotaomicron	14	34	30155899.5346837
B_uniformis	14	34	8022515.83278057
B_vulgatus	14	34	96205997.2463127
C_aerofaciens	14	34	1762469.69864995
C_scindens	14	34	10935299.1188205
C_spiroforme	14	34	1399528.81607769
P_distasonis	14	34	6255511.28249326
R_obeum	14	34	6586755.85690261
B_caccae	14	37	110593199.555268
B_cellulosilyticus_WH2	14	37	47470632.5885361
B_ovatus	14	37	1011966.84421506
B_thetaiotaomicron	14	37	41231771.7533107
B_uniformis	14	37	12406611.0956686
B_vulgatus	14	37	91394908.7340741
C_aerofaciens	14	37	681419.570075541
C_scindens	14	37	5086403.2881493
C_spiroforme	14	37	590282.970208323
P_distasonis	14	37	13168675.6334606
R_obeum	14	37	3089937.07791552
B_caccae	14	39	116283917.702946
B_cellulosilyticus_WH2	14	39	32893416.9656797
B_ovatus	14	39	944514.541743741
B_thetaiotaomicron	14	39	37331721.4226075
B_uniformis	14	39	5237924.21898281
B_vulgatus	14	39	69169529.8819447
C_aerofaciens	14	39	1745204.62380088
C_scindens	14	39	11134587.0463511
C_spiroforme	14	39	1715677.11203375
P_distasonis	14	39	9411845.1656507
R_obeum	14	39	6800369.44282885
B_caccae	14	40	133513719.923882
B_cellulosilyticus_WH2	14	40	46787842.5138632
B_ovatus	14	40	1730399.90366201
B_thetaiotaomicron	14	40	93611279.5287263
B_uniformis	14	40	4699645.33720178
B_vulgatus	14	40	94429301.3843773
C_aerofaciens	14	40	1028519.26895479
C_scindens	14	40	10207668.1861461
C_spiroforme	14	40	789011.401093372
P_distasonis	14	40	14221059.1016046
R_obeum	14	40	10539551.1274451
B_caccae	15	0	33241267.7011429
B_cellulosilyticus_WH2	15	0	15382352.2726883
B_ovatus	15	0	12260667.7060488
B_thetaiotaomicron	15	0	4242518.85661475
B_uniformis	15	0	548838.668749949
B_vulgatus	15	0	25485242.3321424
C_aerofaciens	15	0	770377.230471449
C_scindens	15	0	1561947.36413786
C_spiroforme	15	0	144515.170001467
P_distasonis	15	0	87963.4690896749
R_obeum	15	0	444963.167494693
B_caccae	15	1	128780919.069569
B_cellulosilyticus_WH2	15	1	44388987.3618438
B_ovatus	15	1	39566931.8484664
B_thetaiotaomicron	15	1	36093047.6924725
B_uniformis	15	1	2250159.60706561
B_vulgatus	15	1	67310067.1750577
C_aerofaciens	15	1	2470964.69058599
C_scindens	15	1	11492579.8361361
C_spiroforme	15	1	1263996.28027528
P_distasonis	15	1	2172230.63350473
R_obeum	15	1	517793.246904578
B_caccae	15	2	139968554.498437
B_cellulosilyticus_WH2	15	2	40759236.6374938
B_ovatus	15	2	10860703.2785704
B_thetaiotaomicron	15	2	57522925.2344641
B_uniformis	15	2	5856079.69095122
B_vulgatus	15	2	40184337.9024261
C_aerofaciens	15	2	1315426.90287406
C_scindens	15	2	12369110.1003771
C_spiroforme	15	2	7079447.48181185
P_distasonis	15	2	1966775.47771418
R_obeum	15	2	4936809.13348252
B_caccae	15	4	69097986.5454455
B_cellulosilyticus_WH2	15	4	23672478.7665792
B_ovatus	15	4	1554714.24665437
B_thetaiotaomicron	15	4	9596818.72027004
B_uniformis	15	4	4136253.34294062
B_vulgatus	15	4	20364122.757063
C_aerofaciens	15	4	819965.084122898
C_scindens	15	4	4282808.2579679
C_spiroforme	15	4	1218865.94100615
P_distasonis	15	4	513571.258308143
R_obeum	15	4	2894875.61417914
B_caccae	15	6	51874205.4702754
B_cellulosilyticus_WH2	15	6	20244837.5919998
B_ovatus	15	6	3388165.25757386
B_thetaiotaomicron	15	6	9636520.97689573
B_uniformis	15	6	3250102.68100354
B_vulgatus	15	6	21555936.3490948
C_aerofaciens	15	6	1122647.56296319
C_scindens	15	6	4159363.75497261
C_spiroforme	15	6	2592865.92234413
P_distasonis	15	6	1596065.3228307
R_obeum	15	6	4795240.09282055
B_caccae	15	9	53178153.8918687
B_cellulosilyticus_WH2	15	9	14527205.0698335
B_ovatus	15	9	1767159.91512815
B_thetaiotaomicron	15	9	9861103.46430708
B_uniformis	15	9	3717336.80289614
B_vulgatus	15	9	21096508.8225987
C_aerofaciens	15	9	2553674.41886418
C_scindens	15	9	8565169.31906964
C_spiroforme	15	9	1361121.24592353
P_distasonis	15	9	1055815.79017768
R_obeum	15	9	5528762.73055648
B_caccae	15	11	87460541.0140993
B_cellulosilyticus_WH2	15	11	28002570.5999861
B_ovatus	15	11	3179104.6078387
B_thetaiotaomicron	15	11	17798619.2730044
B_uniformis	15	11	12055593.1429248
B_vulgatus	15	11	64294392.347385
C_aerofaciens	15	11	1584099.99031509
C_scindens	15	11	7712336.3747061
C_spiroforme	15	11	100675.1425673
P_distasonis	15	11	6341189.97916012
R_obeum	15	11	3805732.64332688
B_caccae	15	12	89053254.5482845
B_cellulosilyticus_WH2	15	12	27223217.9394194
B_ovatus	15	12	2435963.30180218
B_thetaiotaomicron	15	12	16831372.2707046
B_uniformis	15	12	14410022.8817598
B_vulgatus	15	12	61245420.6453738
C_aerofaciens	15	12	2076950.41496663
C_scindens	15	12	6519173.73359009
C_spiroforme	15	12	58991.7759457715
P_distasonis	15	12	8469143.10541658
R_obeum	15	12	3153618.11031648
B_caccae	15	14	101522810.69793
B_cellulosilyticus_WH2	15	14	55099604.5404257
B_ovatus	15	14	7129235.0310505
B_thetaiotaomicron	15	14	111554848.483288
B_uniformis	15	14	19746892.058924
B_vulgatus	15	14	58578825.4177269
C_aerofaciens	15	14	2776340.18225549
C_scindens	15	14	13420044.7781856
C_spiroforme	15	14	331239.188310356
P_distasonis	15	14	10206612.8301129
R_obeum	15	14	13980904.9808075
B_caccae	15	15	39896418.2781844
B_cellulosilyticus_WH2	15	15	59008832.633055
B_ovatus	15	15	8559167.17967269
B_thetaiotaomicron	15	15	28654995.5638467
B_uniformis	15	15	11639849.8189362
B_vulgatus	15	15	14310481.4817907
C_aerofaciens	15	15	2263155.37849198
C_scindens	15	15	4828500.15185873
C_spiroforme	15	15	113136.845681932
P_distasonis	15	15	5584065.93046574
R_obeum	15	15	9567274.08036881
B_caccae	15	16	49742278.9753925
B_cellulosilyticus_WH2	15	16	100104554.289878
B_ovatus	15	16	18294893.4559579
B_thetaiotaomicron	15	16	25324264.8100383
B_uniformis	15	16	13902954.1390862
B_vulgatus	15	16	13861556.8959188
C_aerofaciens	15	16	4229656.33962347
C_scindens	15	16	6494409.79381636
C_spiroforme	15	16	327863.035598573
P_distasonis	15	16	9914866.66492623
R_obeum	15	16	27526120.8046982
B_caccae	15	18	88665417.1939078
B_cellulosilyticus_WH2	15	18	234498036.314625
B_ovatus	15	18	32768289.5792054
B_thetaiotaomicron	15	18	53157890.2337752
B_uniformis	15	18	18739379.4331769
B_vulgatus	15	18	93233845.8611593
C_aerofaciens	15	18	2249327.21707655
C_scindens	15	18	4894737.98438596
C_spiroforme	15	18	373306.064782083
P_distasonis	15	18	32916673.4006518
R_obeum	15	18	18397009.6512321
B_caccae	15	20	75358847.5742404
B_cellulosilyticus_WH2	15	20	223808323.967322
B_ovatus	15	20	44932730.697096
B_thetaiotaomicron	15	20	44770692.9670534
B_uniformis	15	20	30728732.9137315
B_vulgatus	15	20	125904139.698374
C_aerofaciens	15	20	11377657.4824341
C_scindens	15	20	12203322.7593488
C_spiroforme	15	20	337869.721041503
P_distasonis	15	20	31208033.882253
R_obeum	15	20	36037145.4144205
B_caccae	15	24	58521053.5437941
B_cellulosilyticus_WH2	15	24	157016236.66435
B_ovatus	15	24	63812759.6723377
B_thetaiotaomicron	15	24	34332027.6155179
B_uniformis	15	24	28431247.3172733
B_vulgatus	15	24	84700172.2557605
C_aerofaciens	15	24	3321391.80607374
C_scindens	15	24	8514973.06491876
C_spiroforme	15	24	296198.629607487
P_distasonis	15	24	17651039.4906083
R_obeum	15	24	29364288.7013144
B_caccae	15	25	73560249.3793448
B_cellulosilyticus_WH2	15	25	162603377.026183
B_ovatus	15	25	78677035.9055286
B_thetaiotaomicron	15	25	32646834.9413055
B_uniformis	15	25	27684394.7445808
B_vulgatus	15	25	94883565.4497582
C_aerofaciens	15	25	4114661.84122826
C_scindens	15	25	9937807.98797487
C_spiroforme	15	25	301734.197654251
P_distasonis	15	25	17533233.4089874
R_obeum	15	25	33581226.8850394
B_caccae	15	26	75880541.7158257
B_cellulosilyticus_WH2	15	26	193874597.290387
B_ovatus	15	26	93391108.5623396
B_thetaiotaomicron	15	26	30522204.2082194
B_uniformis	15	26	34538747.2329262
B_vulgatus	15	26	118396883.121506
C_aerofaciens	15	26	4644132.75269196
C_scindens	15	26	11441476.6313499
C_spiroforme	15	26	289081.159522933
P_distasonis	15	26	19387639.1282341
R_obeum	15	26	38673545.125893
B_caccae	15	28	118862589.091642
B_cellulosilyticus_WH2	15	28	99244517.8228491
B_ovatus	15	28	37673449.3737268
B_thetaiotaomicron	15	28	55122560.2144645
B_uniformis	15	28	19650790.3824949
B_vulgatus	15	28	189002500.071015
C_aerofaciens	15	28	11258008.088225
C_scindens	15	28	36056297.9297945
C_spiroforme	15	28	721507.634733318
P_distasonis	15	28	37905600.3474518
R_obeum	15	28	43219581.7721024
B_caccae	15	29	140766272.963016
B_cellulosilyticus_WH2	15	29	58164700.701023
B_ovatus	15	29	7188636.04383173
B_thetaiotaomicron	15	29	53868418.294654
B_uniformis	15	29	20927061.1164956
B_vulgatus	15	29	140436939.882526
C_aerofaciens	15	29	7130735.17222609
C_scindens	15	29	18380227.1037384
C_spiroforme	15	29	324465.302897639
P_distasonis	15	29	28468650.3151825
R_obeum	15	29	14057149.3690237
B_caccae	15	30	172485950.927897
B_cellulosilyticus_WH2	15	30	60578414.6805597
B_ovatus	15	30	2315388.38643703
B_thetaiotaomicron	15	30	60043970.029936
B_uniformis	15	30	19513976.5618086
B_vulgatus	15	30	93917332.8560519
C_aerofaciens	15	30	6596201.16510129
C_scindens	15	30	30889750.6939027
C_spiroforme	15	30	485576.873726029
P_distasonis	15	30	18753617.3719801
R_obeum	15	30	13447948.0695278
B_caccae	15	32	149074749.458181
B_cellulosilyticus_WH2	15	32	75875920.1006867
B_ovatus	15	32	1938124.711012
B_thetaiotaomicron	15	32	53582494.6080742
B_uniformis	15	32	16038984.709914
B_vulgatus	15	32	99278985.8569814
C_aerofaciens	15	32	898028.590605289
C_scindens	15	32	8105586.14982219
C_spiroforme	15	32	951986.746824089
P_distasonis	15	32	10694360.3356564
R_obeum	15	32	3422173.4853891
B_caccae	15	34	121199034.378859
B_cellulosilyticus_WH2	15	34	53576614.4532229
B_ovatus	15	34	1919368.78083798
B_thetaiotaomicron	15	34	37142410.9779462
B_uniformis	15	34	10198886.7907078
B_vulgatus	15	34	96027391.3680579
C_aerofaciens	15	34	1394721.85478695
C_scindens	15	34	10424538.5992525
C_spiroforme	15	34	1334221.20271551
P_distasonis	15	34	9139472.06004318
R_obeum	15	34	3739201.09112167
B_caccae	15	37	121939191.087053
B_cellulosilyticus_WH2	15	37	68329601.0007608
B_ovatus	15	37	1840707.14914462
B_thetaiotaomicron	15	37	47130046.1015791
B_uniformis	15	37	14157617.2537801
B_vulgatus	15	37	101317972.059753
C_aerofaciens	15	37	1020558.15158155
C_scindens	15	37	6108400.85887389
C_spiroforme	15	37	538481.418666968
P_distasonis	15	37	12771932.0735748
R_obeum	15	37	2282750.44305615
B_caccae	15	39	122129432.179851
B_cellulosilyticus_WH2	15	39	46348112.2170625
B_ovatus	15	39	1877152.7946808
B_thetaiotaomicron	15	39	50663395.015785
B_uniformis	15	39	10751736.1292675
B_vulgatus	15	39	123860661.921824
C_aerofaciens	15	39	589436.686456828
C_scindens	15	39	5215943.05494355
C_spiroforme	15	39	645741.401100989
P_distasonis	15	39	12502587.3042809
R_obeum	15	39	2496541.89192134
B_caccae	15	40	37998086.1534025
B_cellulosilyticus_WH2	15	40	7945524.66701663
B_ovatus	15	40	789054.400863239
B_thetaiotaomicron	15	40	25326044.7711927
B_uniformis	15	40	4611954.42936685
B_vulgatus	15	40	33891456.3765974
C_aerofaciens	15	40	531357.965367318
C_scindens	15	40	6631469.16401559
C_spiroforme	15	40	427504.174672439
P_distasonis	15	40	4970339.77734619
R_obeum	15	40	4330000.66872121
