B_cellulosilyticus_WH2	B_caccae	B_vulgatus	B_thetaiotaomicron	B_ovatus	R_obeum	B_uniformis	P_distasonis	C_scindens	C_aerofaciens	C_spiroforme
K00009	K00009	K00001	K00009	K00009	K00002	K00009	K00008	K00001	K00001	K00057
K00012	K00012	K00009	K00012	K00012	K00003	K00012	K00012	K00003	K00003	K00088
K00013	K00013	K00012	K00013	K00013	K00005	K00013	K00013	K00004	K00005	K00128
K00014	K00014	K00013	K00014	K00014	K00008	K00014	K00014	K00008	K00010	K00134
K00018	K00018	K00014	K00018	K00018	K00012	K00018	K00015	K00013	K00012	K00147
K00023	K00024	K00018	K00024	K00023	K00013	K00024	K00024	K00014	K00013	K00286
K00024	K00027	K00023	K00027	K00024	K00014	K00027	K00027	K00018	K00016	K00287
K00027	K00029	K00024	K00029	K00027	K00016	K00029	K00029	K00020	K00020	K00290
K00029	K00031	K00027	K00031	K00029	K00027	K00031	K00031	K00027	K00030	K00355
K00031	K00033	K00029	K00033	K00031	K00031	K00033	K00033	K00031	K00046	K00384
K00033	K00036	K00031	K00036	K00033	K00052	K00036	K00036	K00042	K00048	K00537
K00036	K00041	K00033	K00041	K00036	K00053	K00041	K00052	K00046	K00057	K00554
K00041	K00046	K00036	K00046	K00041	K00057	K00046	K00053	K00048	K00058	K00560
K00046	K00048	K00041	K00048	K00045	K00058	K00048	K00057	K00052	K00059	K00563
K00048	K00052	K00046	K00052	K00046	K00059	K00052	K00058	K00053	K00075	K00566
K00052	K00053	K00048	K00053	K00048	K00067	K00053	K00059	K00057	K00077	K00567
K00053	K00057	K00052	K00057	K00052	K00075	K00057	K00067	K00058	K00088	K00600
K00057	K00058	K00053	K00058	K00053	K00076	K00058	K00075	K00059	K00099	K00604
K00058	K00059	K00057	K00059	K00057	K00077	K00059	K00077	K00060	K00111	K00611
K00059	K00067	K00058	K00064	K00058	K00087	K00067	K00088	K00065	K00123	K00640
K00064	K00075	K00059	K00067	K00059	K00088	K00075	K00097	K00067	K00128	K00656
K00067	K00076	K00064	K00075	K00064	K00099	K00077	K00099	K00075	K00133	K00661
K00075	K00077	K00067	K00076	K00067	K00111	K00088	K00111	K00076	K00134	K00756
K00077	K00088	K00075	K00077	K00075	K00128	K00097	K00123	K00087	K00140	K00759
K00088	K00097	K00077	K00088	K00076	K00132	K00099	K00133	K00088	K00145	K00761
K00097	K00099	K00088	K00097	K00077	K00133	K00133	K00134	K00091	K00147	K00762
K00099	K00123	K00091	K00099	K00088	K00134	K00134	K00145	K00097	K00176	K00763
K00123	K00128	K00097	K00123	K00097	K00145	K00145	K00147	K00099	K00215	K00773
K00133	K00133	K00099	K00128	K00099	K00147	K00147	K00156	K00100	K00219	K00783
K00134	K00134	K00128	K00133	K00123	K00194	K00174	K00174	K00102	K00262	K00784
K00145	K00145	K00133	K00134	K00133	K00197	K00175	K00175	K00104	K00266	K00790
K00147	K00147	K00134	K00145	K00134	K00198	K00176	K00176	K00111	K00278	K00791
K00174	K00156	K00145	K00147	K00145	K00215	K00177	K00177	K00121	K00286	K00806
K00175	K00174	K00147	K00156	K00147	K00243	K00179	K00179	K00130	K00287	K00820
K00176	K00175	K00174	K00174	K00156	K00261	K00180	K00180	K00133	K00297	K00845
K00177	K00176	K00175	K00175	K00174	K00262	K00208	K00208	K00134	K00336	K00857
K00179	K00177	K00176	K00176	K00175	K00265	K00210	K00210	K00145	K00338	K00858
K00180	K00179	K00177	K00177	K00176	K00266	K00215	K00215	K00146	K00375	K00859
K00208	K00180	K00179	K00179	K00177	K00278	K00226	K00226	K00147	K00384	K00864
K00210	K00208	K00180	K00180	K00179	K00284	K00239	K00239	K00151	K00395	K00873
K00215	K00210	K00208	K00186	K00180	K00286	K00240	K00240	K00179	K00525	K00882
K00226	K00215	K00210	K00208	K00208	K00287	K00241	K00241	K00180	K00528	K00919
K00239	K00226	K00215	K00210	K00210	K00290	K00243	K00243	K00215	K00537	K00925
K00240	K00239	K00226	K00215	K00215	K00297	K00259	K00259	K00243	K00548	K00927
K00241	K00240	K00239	K00226	K00226	K00334	K00262	K00262	K00259	K00554	K00931
K00243	K00241	K00240	K00239	K00239	K00335	K00265	K00265	K00261	K00560	K00939
K00259	K00243	K00241	K00240	K00240	K00336	K00266	K00266	K00262	K00563	K00942
K00262	K00262	K00243	K00241	K00241	K00347	K00275	K00275	K00265	K00566	K00943
K00265	K00265	K00259	K00243	K00243	K00375	K00278	K00278	K00266	K00568	K00945
K00266	K00266	K00262	K00254	K00259	K00384	K00281	K00281	K00278	K00595	K00948
K00275	K00275	K00265	K00259	K00262	K00385	K00283	K00283	K00282	K00602	K00949
K00278	K00278	K00266	K00262	K00265	K00390	K00284	K00284	K00283	K00604	K00951
K00281	K00281	K00278	K00265	K00266	K00394	K00286	K00286	K00284	K00609	K00962
K00283	K00283	K00281	K00266	K00275	K00395	K00287	K00287	K00286	K00611	K00969
K00284	K00284	K00283	K00275	K00278	K00528	K00290	K00290	K00287	K00615	K00974
K00286	K00286	K00284	K00278	K00281	K00537	K00297	K00294	K00297	K00616	K00980
K00287	K00287	K00286	K00281	K00283	K00548	K00330	K00297	K00334	K00620	K00981
K00290	K00290	K00287	K00283	K00284	K00554	K00331	K00318	K00335	K00625	K00991
K00297	K00294	K00290	K00284	K00286	K00560	K00333	K00335	K00336	K00640	K00995
K00330	K00297	K00294	K00286	K00287	K00566	K00337	K00346	K00375	K00648	K01000
K00331	K00330	K00297	K00287	K00290	K00595	K00338	K00347	K00382	K00651	K01002
K00333	K00331	K00330	K00290	K00297	K00602	K00339	K00348	K00384	K00655	K01006
K00335	K00333	K00331	K00294	K00330	K00604	K00340	K00349	K00520	K00656	K01012
K00337	K00335	K00333	K00297	K00331	K00605	K00341	K00350	K00525	K00674	K01056
K00338	K00337	K00337	K00330	K00333	K00609	K00342	K00351	K00526	K00688	K01091
K00339	K00338	K00338	K00331	K00335	K00610	K00343	K00375	K00528	K00700	K01096
K00340	K00339	K00339	K00333	K00337	K00611	K00346	K00382	K00537	K00703	K01104
K00341	K00340	K00340	K00335	K00338	K00615	K00347	K00384	K00548	K00705	K01142
K00342	K00341	K00341	K00337	K00339	K00616	K00348	K00425	K00554	K00759	K01151
K00343	K00342	K00342	K00338	K00340	K00620	K00349	K00426	K00558	K00760	K01153
K00346	K00343	K00343	K00339	K00341	K00625	K00350	K00428	K00560	K00761	K01176
K00347	K00346	K00346	K00340	K00342	K00640	K00351	K00525	K00566	K00762	K01186
K00348	K00347	K00347	K00341	K00343	K00645	K00382	K00528	K00567	K00763	K01190
K00349	K00348	K00348	K00342	K00346	K00648	K00384	K00548	K00571	K00764	K01197
K00350	K00349	K00349	K00343	K00347	K00651	K00425	K00554	K00574	K00765	K01206
K00351	K00350	K00350	K00346	K00348	K00655	K00426	K00558	K00590	K00767	K01218
K00382	K00351	K00351	K00347	K00349	K00656	K00491	K00560	K00595	K00768	K01243
K00384	K00382	K00382	K00348	K00350	K00688	K00525	K00566	K00600	K00773	K01265
K00425	K00384	K00384	K00349	K00351	K00700	K00548	K00567	K00602	K00783	K01271
K00426	K00425	K00425	K00350	K00375	K00702	K00549	K00568	K00604	K00789	K01273
K00428	K00426	K00426	K00351	K00382	K00703	K00554	K00571	K00605	K00790	K01304
K00432	K00428	K00432	K00382	K00384	K00705	K00560	K00588	K00609	K00791	K01338
K00525	K00432	K00525	K00384	K00425	K00721	K00566	K00590	K00610	K00797	K01356
K00526	K00525	K00526	K00425	K00426	K00757	K00567	K00595	K00611	K00800	K01361
K00548	K00537	K00548	K00426	K00432	K00759	K00571	K00600	K00615	K00806	K01409
K00554	K00548	K00554	K00428	K00525	K00760	K00588	K00602	K00616	K00812	K01462
K00560	K00554	K00560	K00432	K00537	K00761	K00595	K00603	K00620	K00817	K01480
K00566	K00560	K00566	K00525	K00548	K00762	K00600	K00604	K00625	K00820	K01489
K00567	K00566	K00567	K00537	K00554	K00763	K00602	K00605	K00633	K00821	K01491
K00571	K00567	K00588	K00548	K00558	K00764	K00603	K00606	K00639	K00826	K01493
K00588	K00571	K00595	K00554	K00560	K00765	K00604	K00609	K00640	K00831	K01515
K00595	K00588	K00600	K00558	K00566	K00766	K00605	K00610	K00645	K00845	K01534
K00600	K00590	K00602	K00560	K00567	K00767	K00606	K00615	K00648	K00847	K01537
K00602	K00600	K00603	K00566	K00571	K00768	K00609	K00616	K00651	K00849	K01585
K00603	K00602	K00604	K00567	K00588	K00773	K00610	K00625	K00655	K00852	K01591
K00604	K00604	K00605	K00588	K00590	K00783	K00615	K00639	K00656	K00854	K01598
K00605	K00605	K00606	K00600	K00600	K00784	K00616	K00640	K00661	K00858	K01611
K00606	K00606	K00609	K00602	K00602	K00788	K00625	K00645	K00688	K00859	K01624
K00609	K00609	K00610	K00603	K00603	K00789	K00634	K00648	K00691	K00864	K01662
K00610	K00610	K00615	K00604	K00604	K00790	K00639	K00651	K00692	K00872	K01689
K00615	K00615	K00616	K00605	K00605	K00791	K00640	K00652	K00700	K00873	K01727
K00616	K00616	K00625	K00606	K00606	K00793	K00645	K00655	K00703	K00874	K01752
K00625	K00625	K00633	K00609	K00609	K00794	K00648	K00656	K00705	K00878	K01756
K00633	K00634	K00634	K00610	K00610	K00796	K00651	K00657	K00721	K00882	K01775
K00634	K00639	K00639	K00615	K00615	K00797	K00652	K00658	K00757	K00891	K01776
K00639	K00640	K00640	K00616	K00616	K00798	K00655	K00661	K00759	K00901	K01783
K00640	K00645	K00645	K00625	K00625	K00800	K00656	K00666	K00760	K00917	K01784
K00645	K00648	K00647	K00633	K00633	K00805	K00657	K00677	K00761	K00919	K01791
K00647	K00651	K00648	K00634	K00634	K00806	K00661	K00688	K00762	K00925	K01803
K00648	K00652	K00651	K00639	K00639	K00817	K00666	K00691	K00763	K00926	K01808
K00651	K00655	K00652	K00640	K00640	K00820	K00677	K00693	K00764	K00927	K01809
K00652	K00656	K00655	K00645	K00645	K00821	K00684	K00700	K00765	K00928	K01810
K00655	K00657	K00656	K00648	K00647	K00826	K00688	K00703	K00767	K00930	K01835
K00656	K00658	K00657	K00651	K00648	K00830	K00691	K00705	K00768	K00931	K01839
K00657	K00661	K00661	K00652	K00651	K00831	K00693	K00721	K00773	K00937	K01866
K00658	K00666	K00666	K00655	K00652	K00833	K00700	K00748	K00783	K00939	K01867
K00661	K00677	K00677	K00656	K00655	K00845	K00702	K00757	K00784	K00941	K01868
K00666	K00688	K00684	K00657	K00656	K00847	K00703	K00760	K00786	K00942	K01869
K00677	K00691	K00688	K00658	K00657	K00848	K00705	K00761	K00788	K00943	K01870
K00684	K00693	K00691	K00661	K00658	K00849	K00721	K00762	K00789	K00945	K01872
K00688	K00700	K00693	K00666	K00661	K00850	K00748	K00764	K00790	K00948	K01873
K00691	K00703	K00700	K00677	K00666	K00852	K00757	K00765	K00791	K00949	K01874
K00693	K00705	K00703	K00688	K00674	K00854	K00759	K00766	K00796	K00951	K01875
K00700	K00721	K00705	K00691	K00677	K00858	K00760	K00767	K00800	K00954	K01876
K00703	K00748	K00721	K00693	K00688	K00859	K00761	K00768	K00805	K00962	K01880
K00705	K00757	K00748	K00700	K00689	K00864	K00762	K00773	K00806	K00963	K01883
K00721	K00759	K00754	K00703	K00691	K00865	K00763	K00782	K00812	K00965	K01887
K00748	K00760	K00757	K00705	K00693	K00868	K00764	K00783	K00817	K00969	K01889
K00754	K00761	K00759	K00721	K00700	K00873	K00765	K00784	K00820	K00973	K01890
K00757	K00762	K00760	K00748	K00703	K00876	K00766	K00788	K00821	K00974	K01892
K00759	K00763	K00761	K00757	K00705	K00878	K00767	K00789	K00826	K00975	K01893
K00760	K00764	K00762	K00759	K00713	K00882	K00768	K00790	K00831	K00981	K01914
K00761	K00765	K00764	K00760	K00721	K00891	K00773	K00791	K00845	K00989	K01915
K00762	K00766	K00765	K00761	K00748	K00917	K00783	K00793	K00847	K00991	K01924
K00764	K00767	K00766	K00762	K00754	K00919	K00784	K00794	K00848	K00995	K01925
K00765	K00773	K00767	K00763	K00757	K00925	K00788	K00796	K00849	K00997	K01926
K00766	K00782	K00768	K00764	K00759	K00926	K00789	K00798	K00850	K01000	K01928
K00767	K00783	K00773	K00765	K00760	K00927	K00790	K00800	K00852	K01006	K01929
K00768	K00784	K00782	K00766	K00761	K00928	K00791	K00806	K00854	K01008	K01934
K00773	K00788	K00783	K00767	K00762	K00930	K00793	K00812	K00858	K01042	K01937
K00783	K00789	K00784	K00773	K00763	K00931	K00794	K00817	K00859	K01051	K01938
K00784	K00790	K00788	K00782	K00764	K00937	K00796	K00819	K00864	K01056	K01939
K00788	K00791	K00789	K00783	K00765	K00939	K00798	K00821	K00865	K01060	K01951
K00789	K00793	K00790	K00784	K00766	K00942	K00800	K00826	K00868	K01091	K01972
K00790	K00794	K00791	K00788	K00767	K00945	K00806	K00831	K00873	K01104	K01989
K00791	K00796	K00793	K00789	K00768	K00948	K00812	K00833	K00874	K01129	K01990
K00793	K00798	K00794	K00790	K00773	K00949	K00817	K00844	K00876	K01142	K01992
K00794	K00800	K00796	K00791	K00782	K00950	K00820	K00845	K00878	K01151	K02003
K00796	K00806	K00798	K00793	K00783	K00951	K00821	K00847	K00880	K01153	K02004
K00798	K00812	K00800	K00794	K00784	K00954	K00826	K00848	K00882	K01154	K02016
K00800	K00817	K00806	K00796	K00786	K00955	K00830	K00849	K00887	K01159	K02029
K00806	K00821	K00812	K00798	K00788	K00956	K00831	K00850	K00891	K01160	K02030
K00812	K00826	K00817	K00800	K00789	K00957	K00833	K00852	K00899	K01187	K02033
K00817	K00831	K00819	K00806	K00790	K00962	K00835	K00854	K00901	K01193	K02036
K00820	K00833	K00820	K00812	K00791	K00965	K00845	K00857	K00917	K01210	K02037
K00821	K00844	K00821	K00817	K00793	K00969	K00847	K00858	K00918	K01222	K02038
K00826	K00845	K00826	K00820	K00794	K00970	K00848	K00859	K00919	K01223	K02041
K00830	K00847	K00831	K00821	K00796	K00973	K00849	K00860	K00925	K01232	K02082
K00831	K00848	K00833	K00826	K00798	K00974	K00850	K00863	K00926	K01239	K02108
K00833	K00849	K00845	K00831	K00800	K00975	K00852	K00864	K00927	K01243	K02110
K00845	K00850	K00847	K00833	K00806	K00978	K00853	K00865	K00928	K01258	K02111
K00847	K00852	K00848	K00844	K00812	K00980	K00854	K00868	K00930	K01262	K02114
K00848	K00854	K00849	K00845	K00817	K00981	K00857	K00873	K00931	K01265	K02115
K00849	K00857	K00850	K00847	K00820	K00991	K00858	K00874	K00937	K01267	K02117
K00850	K00858	K00854	K00848	K00821	K00995	K00859	K00876	K00939	K01271	K02118
K00852	K00859	K00857	K00849	K00826	K00996	K00860	K00879	K00941	K01273	K02120
K00854	K00860	K00858	K00850	K00831	K01000	K00865	K00887	K00942	K01286	K02122
K00857	K00865	K00859	K00852	K00833	K01006	K00868	K00891	K00945	K01299	K02123
K00858	K00868	K00860	K00854	K00844	K01007	K00873	K00895	K00948	K01338	K02124
K00859	K00873	K00864	K00857	K00845	K01008	K00874	K00901	K00949	K01356	K02237
K00860	K00874	K00865	K00858	K00847	K01012	K00876	K00912	K00950	K01358	K02238
K00863	K00876	K00868	K00859	K00848	K01026	K00879	K00919	K00951	K01409	K02240
K00865	K00879	K00873	K00860	K00849	K01048	K00887	K00925	K00954	K01421	K02243
K00868	K00891	K00874	K00865	K00850	K01056	K00891	K00927	K00962	K01424	K02245
K00873	K00895	K00876	K00868	K00852	K01071	K00895	K00928	K00965	K01439	K02313
K00874	K00912	K00879	K00873	K00854	K01081	K00901	K00930	K00969	K01442	K02314
K00876	K00919	K00887	K00874	K00857	K01091	K00912	K00931	K00970	K01443	K02316
K00879	K00925	K00891	K00876	K00858	K01092	K00919	K00937	K00973	K01447	K02335
K00886	K00927	K00895	K00879	K00859	K01104	K00925	K00939	K00974	K01448	K02337
K00887	K00928	K00901	K00891	K00860	K01119	K00927	K00940	K00975	K01462	K02338
K00891	K00929	K00912	K00895	K00865	K01129	K00928	K00941	K00981	K01465	K02340
K00895	K00930	K00919	K00912	K00868	K01142	K00929	K00942	K00991	K01478	K02341
K00901	K00931	K00925	K00919	K00873	K01151	K00930	K00945	K00995	K01486	K02343
K00912	K00937	K00927	K00925	K00874	K01153	K00931	K00946	K00996	K01491	K02346
K00919	K00939	K00928	K00927	K00876	K01156	K00937	K00948	K01000	K01493	K02355
K00925	K00940	K00929	K00928	K00879	K01176	K00939	K00949	K01002	K01495	K02356
K00927	K00941	K00930	K00929	K00886	K01182	K00941	K00950	K01006	K01496	K02357
K00928	K00942	K00931	K00930	K00891	K01187	K00942	K00951	K01007	K01512	K02358
K00929	K00945	K00937	K00931	K00895	K01190	K00945	K00954	K01008	K01515	K02428
K00930	K00946	K00939	K00937	K00912	K01193	K00946	K00955	K01011	K01520	K02433
K00931	K00948	K00940	K00939	K00919	K01197	K00948	K00956	K01012	K01523	K02434
K00937	K00949	K00941	K00940	K00925	K01198	K00949	K00957	K01023	K01524	K02469
K00939	K00950	K00942	K00941	K00927	K01206	K00950	K00962	K01042	K01531	K02470
K00940	K00951	K00945	K00942	K00928	K01208	K00951	K00968	K01056	K01533	K02483
K00941	K00954	K00946	K00945	K00929	K01214	K00954	K00969	K01066	K01534	K02493
K00942	K00955	K00948	K00946	K00930	K01239	K00955	K00970	K01071	K01537	K02503
K00945	K00956	K00949	K00948	K00931	K01243	K00956	K00971	K01091	K01586	K02518
K00946	K00957	K00950	K00949	K00937	K01258	K00957	K00973	K01104	K01588	K02519
K00948	K00962	K00951	K00950	K00939	K01262	K00962	K00974	K01129	K01591	K02520
K00949	K00969	K00954	K00951	K00940	K01265	K00968	K00979	K01138	K01595	K02528
K00950	K00970	K00955	K00954	K00941	K01267	K00969	K00980	K01142	K01610	K02529
K00951	K00971	K00956	K00955	K00942	K01270	K00970	K00981	K01151	K01620	K02538
K00954	K00973	K00957	K00956	K00945	K01286	K00971	K00991	K01153	K01624	K02563
K00955	K00974	K00962	K00957	K00946	K01338	K00973	K00996	K01154	K01625	K02600
K00956	K00978	K00969	K00962	K00948	K01356	K00974	K01000	K01163	K01626	K02601
K00957	K00979	K00970	K00968	K00949	K01358	K00979	K01006	K01190	K01633	K02621
K00962	K00981	K00971	K00969	K00950	K01387	K00980	K01012	K01200	K01647	K02622
K00968	K00991	K00973	K00970	K00951	K01409	K00981	K01053	K01206	K01662	K02744
K00969	K00995	K00974	K00971	K00954	K01420	K00983	K01056	K01208	K01689	K02745
K00970	K00996	K00978	K00973	K00955	K01421	K00986	K01057	K01214	K01693	K02746
K00971	K01000	K00979	K00974	K00956	K01439	K00991	K01058	K01239	K01710	K02747
K00973	K01006	K00981	K00978	K00957	K01442	K00995	K01067	K01243	K01714	K02760
K00974	K01012	K00983	K00979	K00962	K01443	K00996	K01070	K01246	K01733	K02761
K00979	K01051	K00986	K00980	K00969	K01448	K01000	K01071	K01247	K01735	K02803
K00980	K01056	K00991	K00981	K00970	K01449	K01006	K01077	K01259	K01736	K02804
K00981	K01057	K00996	K00986	K00971	K01462	K01012	K01079	K01262	K01738	K02824
K00986	K01067	K01000	K00991	K00973	K01464	K01051	K01082	K01265	K01740	K02835
K00991	K01070	K01006	K00995	K00974	K01465	K01053	K01089	K01267	K01751	K02836
K00995	K01071	K01012	K00996	K00979	K01480	K01056	K01091	K01270	K01752	K02838
K00996	K01077	K01023	K01000	K00981	K01486	K01057	K01092	K01271	K01755	K02860
K01000	K01079	K01051	K01006	K00986	K01487	K01067	K01104	K01273	K01756	K02863
K01006	K01081	K01056	K01012	K00991	K01489	K01070	K01113	K01286	K01770	K02864
K01012	K01082	K01057	K01014	K00995	K01491	K01071	K01119	K01297	K01775	K02867
K01051	K01089	K01067	K01051	K00996	K01493	K01077	K01126	K01305	K01776	K02871
K01056	K01091	K01070	K01056	K01000	K01495	K01079	K01129	K01338	K01779	K02874
K01057	K01092	K01071	K01057	K01006	K01496	K01081	K01130	K01356	K01783	K02876
K01067	K01095	K01077	K01067	K01012	K01512	K01082	K01139	K01358	K01784	K02878
K01070	K01104	K01079	K01070	K01023	K01515	K01089	K01142	K01387	K01785	K02879
K01071	K01119	K01081	K01071	K01051	K01520	K01091	K01144	K01409	K01788	K02881
K01077	K01126	K01082	K01077	K01056	K01524	K01092	K01151	K01420	K01803	K02884
K01079	K01129	K01089	K01079	K01057	K01533	K01095	K01155	K01421	K01808	K02886
K01081	K01130	K01091	K01081	K01067	K01534	K01104	K01156	K01424	K01809	K02887
K01082	K01133	K01092	K01082	K01070	K01537	K01119	K01159	K01443	K01810	K02888
K01089	K01139	K01104	K01089	K01071	K01560	K01126	K01163	K01447	K01814	K02890
K01091	K01142	K01119	K01091	K01077	K01567	K01129	K01173	K01448	K01819	K02895
K01092	K01144	K01126	K01092	K01079	K01571	K01130	K01176	K01449	K01834	K02899
K01095	K01151	K01129	K01095	K01081	K01572	K01133	K01178	K01462	K01835	K02902
K01104	K01153	K01130	K01104	K01082	K01585	K01138	K01182	K01464	K01854	K02904
K01119	K01154	K01139	K01119	K01089	K01586	K01139	K01185	K01465	K01866	K02906
K01126	K01155	K01142	K01126	K01091	K01588	K01142	K01186	K01486	K01867	K02909
K01129	K01159	K01144	K01129	K01092	K01591	K01144	K01187	K01487	K01868	K02913
K01130	K01163	K01151	K01130	K01095	K01598	K01151	K01190	K01488	K01869	K02914
K01138	K01173	K01153	K01133	K01104	K01609	K01153	K01191	K01489	K01870	K02916
K01139	K01186	K01154	K01139	K01119	K01610	K01154	K01197	K01491	K01872	K02926
K01142	K01187	K01155	K01142	K01126	K01613	K01155	K01200	K01493	K01873	K02931
K01144	K01190	K01159	K01144	K01129	K01620	K01159	K01201	K01495	K01874	K02933
K01151	K01192	K01163	K01151	K01130	K01624	K01163	K01206	K01496	K01875	K02935
K01153	K01195	K01173	K01153	K01133	K01626	K01173	K01209	K01512	K01876	K02939
K01154	K01197	K01178	K01154	K01139	K01628	K01178	K01218	K01515	K01878	K02946
K01155	K01200	K01181	K01155	K01142	K01639	K01179	K01241	K01520	K01879	K02948
K01159	K01205	K01183	K01159	K01144	K01644	K01183	K01246	K01531	K01881	K02950
K01163	K01206	K01185	K01163	K01151	K01647	K01185	K01251	K01533	K01883	K02952
K01173	K01207	K01186	K01173	K01153	K01649	K01186	K01256	K01534	K01885	K02954
K01176	K01209	K01187	K01176	K01154	K01652	K01187	K01258	K01537	K01887	K02956
K01179	K01224	K01190	K01179	K01155	K01653	K01190	K01262	K01546	K01889	K02959
K01181	K01241	K01192	K01183	K01159	K01657	K01191	K01265	K01547	K01890	K02961
K01183	K01243	K01197	K01186	K01163	K01658	K01192	K01270	K01548	K01892	K02963
K01185	K01246	K01198	K01187	K01173	K01662	K01195	K01271	K01567	K01893	K02965
K01187	K01251	K01200	K01190	K01176	K01664	K01197	K01273	K01571	K01915	K02967
K01190	K01258	K01201	K01191	K01178	K01665	K01198	K01274	K01572	K01921	K02970
K01191	K01262	K01205	K01192	K01179	K01677	K01200	K01277	K01585	K01923	K02982
K01192	K01265	K01206	K01193	K01181	K01678	K01201	K01278	K01586	K01924	K02986
K01193	K01270	K01209	K01197	K01183	K01681	K01206	K01284	K01588	K01925	K02988
K01198	K01271	K01235	K01200	K01186	K01687	K01209	K01337	K01591	K01928	K02990
K01200	K01277	K01241	K01201	K01187	K01689	K01218	K01338	K01598	K01929	K02992
K01201	K01278	K01243	K01205	K01190	K01693	K01224	K01358	K01599	K01933	K02994
K01205	K01284	K01246	K01206	K01191	K01695	K01241	K01372	K01610	K01934	K02996
K01206	K01297	K01256	K01208	K01192	K01696	K01243	K01409	K01613	K01937	K03040
K01209	K01338	K01258	K01209	K01195	K01698	K01246	K01414	K01619	K01938	K03043
K01218	K01358	K01262	K01224	K01198	K01699	K01258	K01415	K01620	K01939	K03046
K01224	K01372	K01265	K01235	K01200	K01703	K01262	K01424	K01623	K01940	K03070
K01235	K01409	K01270	K01241	K01201	K01704	K01265	K01425	K01624	K01945	K03075
K01241	K01414	K01271	K01243	K01205	K01709	K01270	K01438	K01625	K01950	K03076
K01243	K01424	K01273	K01246	K01206	K01710	K01271	K01442	K01628	K01951	K03086
K01246	K01425	K01274	K01251	K01209	K01714	K01273	K01443	K01639	K01952	K03088
K01251	K01433	K01277	K01258	K01218	K01733	K01274	K01447	K01647	K01953	K03101
K01258	K01438	K01278	K01262	K01224	K01734	K01277	K01448	K01649	K01955	K03106
K01262	K01442	K01284	K01265	K01235	K01735	K01278	K01462	K01652	K01956	K03110
K01265	K01443	K01338	K01270	K01241	K01736	K01284	K01465	K01653	K01961	K03151
K01270	K01447	K01358	K01271	K01243	K01738	K01297	K01468	K01662	K01962	K03168
K01271	K01448	K01372	K01277	K01251	K01740	K01338	K01476	K01677	K01963	K03177
K01277	K01462	K01409	K01278	K01258	K01749	K01358	K01480	K01678	K01972	K03215
K01278	K01465	K01414	K01284	K01262	K01751	K01372	K01486	K01681	K01989	K03216
K01284	K01470	K01424	K01297	K01265	K01752	K01409	K01487	K01687	K01990	K03217
K01297	K01487	K01425	K01338	K01270	K01754	K01414	K01489	K01689	K01992	K03218
K01322	K01489	K01433	K01358	K01271	K01755	K01424	K01491	K01693	K01995	K03308
K01338	K01491	K01438	K01364	K01277	K01756	K01425	K01493	K01696	K01996	K03311
K01358	K01493	K01442	K01372	K01278	K01759	K01433	K01495	K01698	K01997	K03386
K01372	K01495	K01443	K01409	K01284	K01770	K01438	K01520	K01703	K01998	K03424
K01409	K01515	K01447	K01414	K01297	K01775	K01442	K01531	K01704	K01999	K03426
K01414	K01520	K01448	K01424	K01322	K01776	K01447	K01533	K01710	K02003	K03431
K01424	K01524	K01462	K01425	K01338	K01778	K01448	K01534	K01714	K02004	K03437
K01425	K01533	K01465	K01433	K01358	K01783	K01462	K01537	K01733	K02005	K03438
K01433	K01534	K01468	K01438	K01372	K01784	K01465	K01546	K01734	K02006	K03439
K01438	K01537	K01470	K01442	K01409	K01785	K01468	K01547	K01735	K02007	K03466
K01442	K01546	K01487	K01443	K01414	K01790	K01470	K01548	K01736	K02008	K03470
K01443	K01547	K01489	K01447	K01424	K01803	K01489	K01560	K01738	K02013	K03471
K01447	K01548	K01491	K01448	K01425	K01804	K01491	K01571	K01740	K02015	K03495
K01448	K01572	K01493	K01462	K01433	K01808	K01493	K01572	K01751	K02016	K03496
K01462	K01573	K01495	K01465	K01438	K01810	K01495	K01573	K01752	K02017	K03497
K01465	K01579	K01515	K01468	K01442	K01817	K01515	K01579	K01753	K02018	K03499
K01468	K01580	K01520	K01487	K01443	K01818	K01520	K01580	K01754	K02019	K03500
K01470	K01585	K01524	K01489	K01447	K01835	K01533	K01586	K01755	K02020	K03501
K01476	K01586	K01533	K01491	K01448	K01839	K01534	K01588	K01756	K02028	K03502
K01487	K01588	K01534	K01493	K01462	K01840	K01537	K01591	K01759	K02029	K03523
K01489	K01591	K01537	K01495	K01465	K01845	K01546	K01607	K01770	K02030	K03524
K01491	K01609	K01546	K01515	K01468	K01854	K01547	K01609	K01775	K02031	K03525
K01493	K01610	K01547	K01520	K01470	K01866	K01548	K01610	K01776	K02032	K03529
K01495	K01613	K01548	K01524	K01476	K01867	K01572	K01613	K01778	K02033	K03531
K01520	K01619	K01551	K01531	K01487	K01868	K01573	K01619	K01783	K02034	K03536
K01524	K01620	K01572	K01533	K01489	K01869	K01579	K01620	K01784	K02035	K03545
K01531	K01624	K01573	K01534	K01491	K01870	K01580	K01624	K01785	K02036	K03546
K01533	K01625	K01579	K01537	K01493	K01872	K01585	K01625	K01788	K02037	K03547
K01534	K01627	K01580	K01546	K01495	K01873	K01586	K01627	K01790	K02038	K03550
K01537	K01629	K01585	K01547	K01515	K01874	K01588	K01629	K01803	K02039	K03551
K01546	K01633	K01586	K01548	K01520	K01875	K01591	K01633	K01808	K02040	K03553
K01547	K01634	K01588	K01551	K01524	K01876	K01607	K01634	K01810	K02050	K03555
K01548	K01639	K01590	K01572	K01531	K01880	K01609	K01639	K01818	K02051	K03569
K01572	K01647	K01591	K01573	K01533	K01881	K01610	K01647	K01835	K02078	K03570
K01573	K01649	K01599	K01579	K01534	K01883	K01613	K01649	K01839	K02082	K03572
K01579	K01652	K01607	K01580	K01537	K01885	K01619	K01652	K01840	K02108	K03574
K01580	K01653	K01609	K01585	K01546	K01886	K01620	K01653	K01843	K02109	K03581
K01585	K01657	K01610	K01586	K01547	K01887	K01624	K01657	K01854	K02110	K03588
K01586	K01658	K01613	K01588	K01548	K01889	K01625	K01658	K01866	K02111	K03590
K01588	K01659	K01619	K01591	K01572	K01890	K01627	K01659	K01867	K02112	K03595
K01591	K01661	K01620	K01599	K01573	K01892	K01629	K01661	K01868	K02113	K03596
K01607	K01662	K01624	K01607	K01579	K01893	K01633	K01662	K01869	K02114	K03601
K01609	K01664	K01625	K01609	K01580	K01897	K01634	K01664	K01870	K02115	K03624
K01610	K01665	K01627	K01610	K01585	K01912	K01639	K01665	K01872	K02188	K03629
K01613	K01673	K01629	K01613	K01586	K01914	K01647	K01673	K01873	K02190	K03630
K01619	K01676	K01633	K01619	K01588	K01915	K01649	K01676	K01874	K02221	K03631
K01620	K01681	K01634	K01620	K01591	K01921	K01652	K01679	K01875	K02224	K03648
K01624	K01685	K01639	K01624	K01599	K01923	K01653	K01681	K01876	K02227	K03650
K01625	K01686	K01647	K01625	K01609	K01924	K01654	K01686	K01880	K02231	K03655
K01627	K01687	K01649	K01627	K01610	K01925	K01657	K01687	K01881	K02232	K03657
K01629	K01689	K01652	K01629	K01613	K01926	K01658	K01689	K01883	K02233	K03664
K01633	K01693	K01653	K01633	K01619	K01928	K01659	K01693	K01885	K02237	K03665
K01634	K01695	K01654	K01634	K01620	K01929	K01662	K01695	K01886	K02238	K03671
K01647	K01696	K01657	K01647	K01624	K01933	K01664	K01696	K01887	K02279	K03685
K01649	K01703	K01658	K01649	K01625	K01934	K01665	K01703	K01889	K02282	K03686
K01652	K01704	K01659	K01652	K01627	K01935	K01667	K01704	K01890	K02283	K03687
K01653	K01707	K01661	K01653	K01629	K01937	K01673	K01707	K01892	K02313	K03695
K01657	K01708	K01662	K01657	K01633	K01938	K01676	K01710	K01897	K02314	K03698
K01658	K01709	K01664	K01658	K01634	K01939	K01681	K01711	K01911	K02315	K03699
K01659	K01710	K01665	K01659	K01639	K01940	K01685	K01712	K01912	K02316	K03700
K01662	K01711	K01666	K01661	K01647	K01945	K01686	K01714	K01915	K02335	K03701
K01664	K01714	K01673	K01662	K01649	K01950	K01687	K01719	K01921	K02337	K03702
K01665	K01719	K01676	K01664	K01652	K01951	K01689	K01733	K01923	K02338	K03703
K01667	K01733	K01681	K01665	K01653	K01952	K01693	K01734	K01924	K02340	K03704
K01673	K01734	K01685	K01667	K01657	K01953	K01695	K01735	K01925	K02341	K03705
K01676	K01735	K01686	K01673	K01658	K01955	K01696	K01736	K01926	K02343	K03711
K01681	K01736	K01687	K01676	K01659	K01956	K01703	K01737	K01928	K02346	K03719
K01685	K01737	K01689	K01681	K01661	K01961	K01704	K01738	K01929	K02355	K03723
K01686	K01738	K01693	K01685	K01662	K01962	K01707	K01740	K01933	K02356	K03733
K01687	K01740	K01695	K01686	K01664	K01963	K01708	K01744	K01934	K02357	K03741
K01689	K01744	K01696	K01687	K01665	K01989	K01710	K01745	K01937	K02358	K03763
K01693	K01745	K01703	K01689	K01667	K01990	K01711	K01750	K01938	K02371	K03768
K01695	K01752	K01704	K01693	K01673	K01992	K01712	K01752	K01939	K02372	K03778
K01696	K01755	K01707	K01695	K01676	K01995	K01714	K01754	K01940	K02428	K03784
K01703	K01756	K01708	K01696	K01681	K01996	K01719	K01755	K01945	K02433	K03797
K01704	K01759	K01709	K01703	K01685	K01997	K01733	K01756	K01950	K02434	K03798
K01708	K01768	K01710	K01704	K01686	K01998	K01734	K01759	K01951	K02435	K03816
K01710	K01770	K01711	K01708	K01687	K01999	K01735	K01768	K01952	K02469	K03826
K01711	K01775	K01712	K01709	K01689	K02003	K01736	K01770	K01955	K02470	K03827
K01712	K01776	K01714	K01710	K01693	K02004	K01737	K01775	K01956	K02477	K03892
K01713	K01778	K01719	K01711	K01695	K02005	K01738	K01776	K01961	K02493	K03925
K01714	K01783	K01730	K01712	K01696	K02006	K01740	K01778	K01962	K02499	K03976
K01719	K01784	K01733	K01714	K01703	K02007	K01745	K01783	K01963	K02500	K03977
K01729	K01785	K01734	K01719	K01704	K02008	K01752	K01784	K01972	K02501	K03978
K01733	K01787	K01735	K01733	K01707	K02013	K01755	K01785	K01989	K02502	K03979
K01734	K01790	K01736	K01734	K01708	K02015	K01756	K01787	K01990	K02503	K04023
K01735	K01791	K01737	K01735	K01710	K02016	K01759	K01788	K01992	K02518	K04042
K01736	K01802	K01738	K01736	K01711	K02017	K01768	K01790	K02003	K02519	K04043
K01737	K01803	K01740	K01737	K01712	K02018	K01770	K01791	K02004	K02520	K04066
K01738	K01804	K01744	K01738	K01714	K02019	K01771	K01795	K02005	K02525	K04069
K01740	K01805	K01745	K01740	K01719	K02020	K01775	K01802	K02006	K02526	K04072
K01745	K01808	K01752	K01744	K01733	K02025	K01776	K01803	K02007	K02528	K04075
K01752	K01809	K01754	K01745	K01734	K02026	K01778	K01805	K02008	K02529	K04077
K01755	K01810	K01755	K01752	K01735	K02027	K01783	K01807	K02009	K02563	K04079
K01756	K01811	K01756	K01755	K01736	K02028	K01784	K01808	K02010	K02564	K04083
K01759	K01812	K01759	K01756	K01737	K02029	K01785	K01809	K02017	K02600	K04094
K01768	K01813	K01768	K01759	K01738	K02030	K01787	K01810	K02018	K02601	K04096
K01770	K01814	K01770	K01768	K01740	K02033	K01790	K01811	K02019	K02654	K04487
K01775	K01815	K01775	K01770	K01744	K02034	K01791	K01812	K02020	K02744	K04488
K01776	K01817	K01776	K01771	K01745	K02035	K01802	K01813	K02025	K02745	K04567
K01778	K01818	K01778	K01775	K01752	K02036	K01803	K01814	K02026	K02749	K05349
K01783	K01834	K01783	K01776	K01755	K02037	K01804	K01816	K02027	K02750	K05366
K01784	K01835	K01784	K01778	K01756	K02038	K01805	K01817	K02028	K02755	K05592
K01785	K01840	K01785	K01783	K01759	K02039	K01807	K01834	K02029	K02756	K05770
K01787	K01843	K01787	K01784	K01768	K02040	K01808	K01835	K02030	K02757	K05808
K01790	K01847	K01790	K01785	K01770	K02045	K01809	K01840	K02031	K02759	K05833
K01791	K01854	K01791	K01787	K01775	K02046	K01810	K01841	K02032	K02760	K05896
K01802	K01858	K01802	K01790	K01776	K02047	K01811	K01843	K02033	K02768	K05985
K01803	K01866	K01803	K01791	K01778	K02048	K01812	K01847	K02034	K02769	K06023
K01804	K01867	K01804	K01802	K01783	K02049	K01813	K01866	K02035	K02770	K06024
K01805	K01868	K01805	K01803	K01784	K02050	K01814	K01867	K02036	K02773	K06131
K01807	K01869	K01808	K01804	K01785	K02051	K01815	K01868	K02037	K02774	K06147
K01808	K01870	K01809	K01805	K01787	K02052	K01817	K01869	K02038	K02786	K06148
K01809	K01872	K01810	K01807	K01790	K02056	K01818	K01870	K02039	K02787	K06153
K01810	K01873	K01811	K01808	K01791	K02057	K01834	K01872	K02040	K02788	K06158
K01811	K01874	K01812	K01809	K01795	K02058	K01835	K01873	K02049	K02790	K06173
K01812	K01875	K01813	K01810	K01802	K02071	K01840	K01874	K02050	K02791	K06178
K01813	K01876	K01814	K01811	K01803	K02072	K01841	K01875	K02051	K02793	K06180
K01814	K01880	K01815	K01812	K01804	K02073	K01843	K01876	K02052	K02794	K06183
K01815	K01881	K01817	K01813	K01805	K02074	K01847	K01880	K02053	K02795	K06187
K01816	K01883	K01818	K01814	K01807	K02078	K01858	K01881	K02055	K02796	K06199
K01817	K01885	K01834	K01815	K01808	K02083	K01866	K01883	K02056	K02803	K06201
K01818	K01886	K01835	K01817	K01809	K02108	K01867	K01885	K02071	K02804	K06207
K01834	K01887	K01840	K01818	K01810	K02109	K01868	K01886	K02073	K02806	K06217
K01835	K01889	K01843	K01834	K01811	K02110	K01869	K01887	K02078	K02808	K06286
K01840	K01890	K01847	K01835	K01812	K02111	K01870	K01889	K02081	K02809	K06287
K01841	K01892	K01854	K01840	K01813	K02112	K01872	K01890	K02117	K02810	K06305
K01843	K01893	K01858	K01841	K01814	K02113	K01873	K01892	K02118	K02818	K06346
K01847	K01895	K01866	K01843	K01815	K02114	K01874	K01893	K02119	K02819	K06381
K01854	K01897	K01867	K01847	K01817	K02115	K01875	K01895	K02120	K02823	K06410
K01858	K01902	K01868	K01858	K01818	K02117	K01876	K01897	K02121	K02825	K06871
K01866	K01903	K01869	K01866	K01834	K02118	K01880	K01911	K02122	K02834	K06881
K01867	K01911	K01870	K01867	K01835	K02119	K01881	K01912	K02123	K02835	K06885
K01868	K01912	K01872	K01868	K01840	K02120	K01883	K01914	K02124	K02836	K06901
K01869	K01914	K01873	K01869	K01843	K02122	K01885	K01915	K02160	K02838	K06925
K01870	K01915	K01874	K01870	K01847	K02123	K01886	K01918	K02171	K02851	K06929
K01872	K01918	K01875	K01872	K01858	K02124	K01887	K01921	K02172	K02860	K06941
K01873	K01921	K01876	K01873	K01866	K02160	K01889	K01923	K02182	K02863	K06942
K01874	K01923	K01880	K01874	K01867	K02171	K01890	K01924	K02188	K02864	K06948
K01875	K01924	K01881	K01875	K01868	K02172	K01892	K01925	K02189	K02867	K06949
K01876	K01925	K01883	K01876	K01869	K02188	K01893	K01926	K02190	K02871	K06958
K01880	K01926	K01885	K01880	K01870	K02189	K01895	K01928	K02191	K02874	K06959
K01881	K01928	K01886	K01881	K01872	K02190	K01897	K01929	K02217	K02876	K06960
K01883	K01929	K01887	K01883	K01873	K02191	K01912	K01933	K02224	K02878	K06973
K01885	K01933	K01889	K01885	K01874	K02203	K01914	K01934	K02226	K02879	K07007
K01886	K01934	K01890	K01886	K01875	K02224	K01915	K01935	K02227	K02881	K07030
K01887	K01937	K01892	K01887	K01876	K02226	K01918	K01937	K02231	K02886	K07035
K01889	K01938	K01893	K01889	K01880	K02227	K01921	K01938	K02232	K02887	K07040
K01890	K01939	K01895	K01890	K01881	K02231	K01923	K01939	K02233	K02888	K07042
K01892	K01940	K01897	K01892	K01883	K02232	K01924	K01940	K02237	K02890	K07052
K01893	K01945	K01911	K01893	K01885	K02233	K01925	K01945	K02238	K02892	K07056
K01895	K01950	K01912	K01895	K01886	K02237	K01926	K01950	K02242	K02895	K07058
K01897	K01951	K01914	K01897	K01887	K02238	K01928	K01951	K02283	K02899	K07082
K01902	K01952	K01915	K01902	K01889	K02242	K01929	K01952	K02302	K02902	K07093
K01903	K01953	K01918	K01903	K01890	K02278	K01933	K01953	K02303	K02904	K07095
K01912	K01955	K01921	K01911	K01892	K02283	K01934	K01955	K02304	K02906	K07098
K01914	K01956	K01923	K01912	K01893	K02302	K01935	K01956	K02313	K02907	K07139
K01915	K01960	K01924	K01914	K01895	K02303	K01937	K01960	K02314	K02909	K07166
K01918	K01961	K01925	K01915	K01897	K02304	K01938	K01961	K02315	K02911	K07240
K01921	K01965	K01926	K01918	K01902	K02313	K01939	K01965	K02316	K02913	K07258
K01923	K01966	K01928	K01921	K01903	K02314	K01940	K01966	K02334	K02914	K07282
K01924	K01972	K01929	K01923	K01910	K02315	K01945	K01972	K02335	K02916	K07404
K01925	K01990	K01933	K01924	K01911	K02316	K01950	K01990	K02337	K02926	K07447
K01926	K01991	K01934	K01925	K01912	K02335	K01951	K01991	K02338	K02931	K07456
K01928	K01992	K01935	K01926	K01914	K02337	K01952	K01992	K02340	K02933	K07462
K01929	K01993	K01937	K01928	K01915	K02338	K01953	K01993	K02341	K02935	K07467
K01933	K02000	K01938	K01929	K01918	K02340	K01955	K02000	K02343	K02939	K07478
K01934	K02001	K01939	K01933	K01921	K02341	K01956	K02001	K02346	K02945	K07483
K01935	K02002	K01940	K01934	K01923	K02343	K01960	K02002	K02355	K02946	K07485
K01937	K02003	K01945	K01935	K01924	K02346	K01961	K02003	K02356	K02948	K07493
K01938	K02004	K01950	K01937	K01925	K02355	K01965	K02004	K02357	K02950	K07497
K01939	K02005	K01951	K01938	K01926	K02356	K01966	K02005	K02358	K02952	K07560
K01940	K02013	K01952	K01939	K01928	K02357	K01972	K02010	K02371	K02954	K07566
K01945	K02014	K01953	K01940	K01929	K02358	K01990	K02013	K02372	K02956	K07568
K01950	K02015	K01955	K01945	K01933	K02371	K01991	K02014	K02395	K02959	K07586
K01951	K02016	K01956	K01950	K01934	K02372	K01992	K02015	K02424	K02961	K07636
K01952	K02028	K01960	K01951	K01935	K02428	K01993	K02016	K02428	K02963	K07650
K01953	K02036	K01961	K01952	K01937	K02431	K02003	K02017	K02431	K02965	K07742
K01955	K02037	K01965	K01953	K01938	K02433	K02004	K02022	K02433	K02967	K07770
K01956	K02038	K01966	K01955	K01939	K02434	K02005	K02030	K02434	K02968	K07813
K01960	K02039	K01972	K01956	K01940	K02435	K02010	K02036	K02435	K02982	K07979
K01961	K02040	K01990	K01960	K01945	K02443	K02013	K02037	K02437	K02986	K08153
K01965	K02049	K01991	K01961	K01950	K02456	K02014	K02038	K02443	K02988	K08282
K01966	K02050	K01992	K01965	K01951	K02469	K02015	K02039	K02469	K02990	K08483
K01972	K02051	K01993	K01966	K01952	K02470	K02016	K02040	K02470	K02992	K08591
K01990	K02065	K02000	K01972	K01953	K02477	K02017	K02050	K02477	K02994	K08602
K01991	K02066	K02001	K01990	K01955	K02483	K02028	K02051	K02484	K02996	K08724
K01992	K02067	K02002	K01991	K01956	K02484	K02036	K02065	K02493	K03040	K08974
K01993	K02068	K02003	K01992	K01960	K02492	K02037	K02066	K02500	K03043	K09013
K01995	K02069	K02004	K01993	K01961	K02493	K02038	K02067	K02501	K03046	K09014
K01996	K02075	K02005	K02000	K01965	K02499	K02039	K02075	K02502	K03060	K09157
K01997	K02078	K02013	K02001	K01966	K02500	K02040	K02078	K02503	K03070	K09696
K01998	K02100	K02014	K02002	K01971	K02501	K02065	K02080	K02518	K03073	K09697
K01999	K02108	K02015	K02003	K01972	K02502	K02066	K02100	K02519	K03075	K09698
K02002	K02109	K02016	K02004	K01990	K02503	K02067	K02108	K02520	K03076	K09710
K02003	K02110	K02028	K02005	K01991	K02518	K02068	K02109	K02526	K03086	K09761
K02004	K02111	K02036	K02013	K01992	K02519	K02069	K02110	K02528	K03090	K09762
K02005	K02112	K02037	K02014	K01993	K02520	K02075	K02111	K02529	K03100	K09769
K02010	K02113	K02038	K02015	K02000	K02528	K02078	K02112	K02547	K03101	K09772
K02013	K02114	K02039	K02016	K02001	K02529	K02080	K02113	K02563	K03106	K09790
K02014	K02115	K02040	K02028	K02002	K02563	K02081	K02114	K02564	K03110	K09809
K02015	K02117	K02065	K02036	K02003	K02564	K02100	K02115	K02600	K03111	K09811
K02016	K02118	K02066	K02037	K02004	K02587	K02108	K02117	K02601	K03116	K09812
K02017	K02120	K02067	K02038	K02005	K02588	K02109	K02118	K02619	K03117	K09861
K02022	K02121	K02068	K02039	K02013	K02598	K02110	K02120	K02647	K03118	K09903
K02028	K02123	K02069	K02040	K02014	K02600	K02111	K02121	K02653	K03147	K09951
K02036	K02124	K02075	K02051	K02015	K02601	K02112	K02123	K02654	K03151	K09976
K02037	K02169	K02078	K02065	K02016	K02617	K02113	K02124	K02669	K03152	K09981
K02038	K02217	K02081	K02066	K02028	K02619	K02114	K02169	K02687	K03168	K10563
K02039	K02230	K02100	K02067	K02036	K02647	K02115	K02188	K02768	K03177	K10773
K02040	K02238	K02108	K02068	K02037	K02650	K02117	K02190	K02769	K03205	K11069
K02051	K02313	K02109	K02069	K02038	K02653	K02118	K02217	K02770	K03215	K11071
K02065	K02314	K02110	K02075	K02039	K02654	K02120	K02224	K02823	K03216	K11072
K02066	K02316	K02111	K02078	K02040	K02669	K02121	K02226	K02824	K03217	K11144
K02067	K02335	K02112	K02100	K02051	K02687	K02123	K02227	K02834	K03218	K11189
K02068	K02337	K02113	K02108	K02065	K02805	K02124	K02231	K02835	K03292	K11717
K02069	K02338	K02114	K02109	K02066	K02823	K02169	K02232	K02836	K03299	K11749
K02075	K02340	K02115	K02110	K02067	K02824	K02188	K02233	K02837	K03303	K11753
K02078	K02341	K02117	K02111	K02068	K02834	K02190	K02238	K02838	K03306	K11754
K02080	K02342	K02118	K02112	K02069	K02835	K02217	K02280	K02860	K03311	K11991
K02100	K02343	K02120	K02113	K02075	K02836	K02224	K02313	K02863	K03313	K12132
K02108	K02346	K02121	K02114	K02078	K02837	K02226	K02314	K02864	K03320	K12373
K02109	K02355	K02123	K02115	K02108	K02838	K02227	K02316	K02867	K03402	K12410
K02110	K02356	K02124	K02117	K02109	K02860	K02230	K02335	K02871	K03424	K12573
K02111	K02357	K02169	K02118	K02110	K02863	K02231	K02337	K02874	K03427	K12574
K02112	K02358	K02188	K02120	K02111	K02864	K02232	K02338	K02876	K03429	K12952
K02113	K02361	K02190	K02121	K02112	K02867	K02233	K02340	K02878	K03431	K12977
K02114	K02371	K02217	K02123	K02113	K02871	K02238	K02341	K02879	K03436	K13292
K02115	K02377	K02224	K02124	K02114	K02874	K02313	K02342	K02881	K03438	K13747
K02117	K02426	K02226	K02169	K02115	K02876	K02314	K02343	K02884	K03439	K13789
K02118	K02428	K02227	K02217	K02117	K02878	K02316	K02346	K02886	K03453	K14059
K02120	K02429	K02230	K02230	K02118	K02879	K02335	K02355	K02887	K03458	K14155
K02121	K02437	K02231	K02238	K02120	K02881	K02337	K02356	K02888	K03466	K14540
K02123	K02469	K02232	K02313	K02121	K02884	K02338	K02357	K02890	K03469	K14761
K02124	K02470	K02233	K02314	K02123	K02886	K02340	K02358	K02892	K03470	K15986
K02169	K02477	K02238	K02316	K02124	K02887	K02341	K02361	K02895	K03481	K16371
K02188	K02481	K02313	K02335	K02169	K02888	K02342	K02371	K02899	K03484	K16509
K02190	K02484	K02314	K02337	K02217	K02890	K02343	K02377	K02902	K03486	K16785
K02217	K02493	K02316	K02338	K02226	K02892	K02346	K02395	K02904	K03489	K16786
K02224	K02500	K02335	K02340	K02230	K02895	K02355	K02426	K02906	K03492	K16787
K02226	K02501	K02337	K02341	K02231	K02897	K02356	K02428	K02907	K03496	K16898
K02227	K02503	K02338	K02342	K02233	K02899	K02357	K02429	K02909	K03497	K16899
K02230	K02517	K02340	K02343	K02238	K02902	K02358	K02437	K02911	K03500	K16924
K02231	K02518	K02341	K02346	K02283	K02904	K02371	K02440	K02916	K03501	K16927
K02232	K02519	K02342	K02355	K02313	K02906	K02377	K02469	K02926	K03502	K17073
K02233	K02520	K02343	K02356	K02314	K02909	K02426	K02470	K02931	K03517	K17074
K02238	K02523	K02346	K02357	K02316	K02911	K02428	K02472	K02933	K03521	K17076
K02313	K02527	K02355	K02358	K02335	K02913	K02429	K02473	K02935	K03522	K17103
K02314	K02528	K02356	K02361	K02337	K02914	K02437	K02474	K02939	K03524	K17624
K02316	K02529	K02357	K02371	K02338	K02926	K02469	K02477	K02945	K03525	K17686
K02335	K02536	K02358	K02377	K02340	K02931	K02470	K02481	K02946	K03526	K17836
K02337	K02548	K02361	K02426	K02341	K02933	K02472	K02484	K02948	K03527	K18682
K02338	K02551	K02371	K02428	K02342	K02935	K02473	K02493	K02950	K03529	K18692
K02340	K02552	K02372	K02429	K02343	K02939	K02474	K02500	K02952	K03531	K18888
K02341	K02557	K02377	K02437	K02346	K02945	K02477	K02501	K02954	K03536	K18940
K02342	K02563	K02426	K02450	K02355	K02946	K02481	K02503	K02956	K03544	K19002
K02343	K02564	K02428	K02469	K02356	K02948	K02484	K02517	K02959	K03545	K19049
K02346	K02600	K02429	K02470	K02357	K02950	K02488	K02518	K02961	K03549	K19221
K02355	K02601	K02437	K02472	K02358	K02952	K02491	K02519	K02963	K03550	K19271
K02356	K02614	K02469	K02477	K02361	K02954	K02493	K02520	K02965	K03551	K19302
K02357	K02619	K02470	K02481	K02371	K02956	K02500	K02523	K02967	K03553	K19689
K02358	K02621	K02472	K02484	K02372	K02959	K02501	K02527	K02968	K03565	K20074
K02371	K02622	K02477	K02493	K02377	K02961	K02503	K02528	K02970	K03569	K20117
K02372	K02651	K02481	K02500	K02426	K02963	K02517	K02529	K02982	K03570	K20118
K02377	K02687	K02484	K02501	K02428	K02967	K02518	K02536	K02986	K03575	K20449
K02426	K02775	K02493	K02503	K02429	K02968	K02519	K02548	K02988	K03584	K21071
K02428	K02823	K02500	K02517	K02437	K02970	K02520	K02551	K02990	K03587	K21449
K02429	K02824	K02501	K02518	K02469	K02982	K02523	K02552	K02992	K03588	K21471
K02437	K02834	K02503	K02519	K02470	K02986	K02527	K02557	K02994	K03589	K21636
K02469	K02835	K02517	K02520	K02477	K02988	K02528	K02558	K02996	K03595	K21687
K02470	K02836	K02518	K02523	K02481	K02990	K02529	K02563	K03040	K03596	K22278
K02472	K02837	K02519	K02527	K02484	K02992	K02536	K02564	K03043	K03601	
K02473	K02838	K02520	K02528	K02493	K02994	K02548	K02600	K03046	K03602	
K02474	K02843	K02523	K02529	K02500	K02996	K02551	K02601	K03070	K03616	
K02477	K02856	K02527	K02536	K02501	K03040	K02563	K02614	K03072	K03621	
K02481	K02860	K02528	K02548	K02503	K03043	K02564	K02619	K03073	K03624	
K02484	K02863	K02529	K02551	K02517	K03046	K02600	K02621	K03075	K03625	
K02493	K02864	K02536	K02552	K02518	K03060	K02601	K02622	K03076	K03628	
K02500	K02867	K02548	K02557	K02519	K03070	K02614	K02626	K03077	K03629	
K02501	K02871	K02551	K02563	K02520	K03071	K02619	K02651	K03079	K03631	
K02503	K02874	K02552	K02564	K02523	K03072	K02621	K02687	K03086	K03637	
K02517	K02876	K02563	K02600	K02527	K03073	K02622	K02805	K03088	K03639	
K02518	K02878	K02564	K02601	K02528	K03076	K02651	K02823	K03091	K03648	
K02519	K02879	K02600	K02614	K02529	K03077	K02668	K02834	K03100	K03654	
K02520	K02881	K02601	K02619	K02536	K03086	K02687	K02835	K03101	K03655	
K02523	K02884	K02614	K02621	K02548	K03088	K02775	K02836	K03106	K03657	
K02527	K02886	K02619	K02622	K02551	K03091	K02805	K02837	K03110	K03664	
K02528	K02887	K02621	K02651	K02552	K03100	K02823	K02838	K03111	K03665	
K02529	K02888	K02622	K02687	K02557	K03101	K02834	K02843	K03147	K03671	
K02536	K02890	K02687	K02775	K02563	K03106	K02835	K02852	K03148	K03684	
K02548	K02892	K02775	K02805	K02564	K03110	K02836	K02856	K03149	K03685	
K02551	K02895	K02805	K02823	K02600	K03111	K02837	K02860	K03150	K03686	
K02557	K02897	K02823	K02824	K02601	K03147	K02838	K02863	K03151	K03687	
K02563	K02899	K02834	K02834	K02614	K03149	K02843	K02864	K03152	K03688	
K02564	K02902	K02835	K02835	K02619	K03150	K02851	K02867	K03168	K03695	
K02600	K02904	K02836	K02836	K02621	K03151	K02852	K02871	K03169	K03696	
K02601	K02906	K02837	K02837	K02622	K03152	K02856	K02874	K03177	K03699	
K02614	K02907	K02838	K02838	K02651	K03154	K02860	K02876	K03205	K03701	
K02619	K02909	K02843	K02839	K02687	K03168	K02863	K02878	K03210	K03702	
K02621	K02911	K02852	K02843	K02775	K03169	K02864	K02879	K03215	K03703	
K02622	K02913	K02856	K02851	K02823	K03177	K02867	K02881	K03216	K03704	
K02651	K02914	K02860	K02856	K02824	K03205	K02871	K02884	K03217	K03710	
K02687	K02916	K02863	K02860	K02834	K03210	K02874	K02886	K03218	K03722	
K02805	K02919	K02864	K02863	K02835	K03215	K02876	K02887	K03282	K03723	
K02823	K02926	K02867	K02864	K02836	K03216	K02878	K02888	K03292	K03724	
K02834	K02931	K02871	K02867	K02837	K03217	K02879	K02890	K03294	K03737	
K02835	K02933	K02874	K02871	K02838	K03218	K02881	K02892	K03296	K03743	
K02836	K02935	K02876	K02874	K02843	K03271	K02884	K02895	K03299	K03744	
K02837	K02939	K02878	K02876	K02847	K03281	K02886	K02897	K03305	K03750	
K02838	K02945	K02879	K02878	K02851	K03284	K02887	K02899	K03307	K03768	
K02839	K02946	K02881	K02879	K02856	K03292	K02888	K02902	K03308	K03783	
K02843	K02948	K02884	K02881	K02860	K03307	K02890	K02904	K03310	K03786	
K02851	K02950	K02886	K02884	K02863	K03308	K02892	K02906	K03311	K03798	
K02856	K02952	K02887	K02886	K02864	K03310	K02895	K02907	K03315	K03816	
K02860	K02954	K02888	K02887	K02867	K03315	K02897	K02909	K03324	K03823	
K02863	K02956	K02890	K02888	K02871	K03320	K02899	K02911	K03340	K03833	
K02864	K02959	K02892	K02890	K02874	K03324	K02902	K02913	K03394	K03856	
K02867	K02961	K02895	K02892	K02876	K03328	K02904	K02914	K03402	K03892	
K02871	K02963	K02897	K02895	K02878	K03342	K02906	K02916	K03413	K03925	
K02874	K02965	K02899	K02897	K02879	K03394	K02907	K02919	K03424	K03975	
K02876	K02967	K02902	K02899	K02881	K03402	K02909	K02926	K03426	K03976	
K02878	K02968	K02904	K02902	K02884	K03413	K02911	K02931	K03427	K03977	
K02879	K02970	K02906	K02904	K02886	K03424	K02913	K02933	K03429	K03978	
K02881	K02982	K02907	K02906	K02887	K03426	K02914	K02935	K03431	K03979	
K02884	K02986	K02909	K02907	K02888	K03427	K02916	K02939	K03435	K03980	
K02886	K02988	K02911	K02909	K02890	K03431	K02919	K02945	K03436	K04041	
K02887	K02990	K02913	K02911	K02892	K03437	K02926	K02946	K03437	K04042	
K02888	K02992	K02914	K02913	K02895	K03438	K02931	K02948	K03438	K04043	
K02890	K02994	K02916	K02914	K02897	K03439	K02933	K02950	K03439	K04066	
K02892	K02996	K02919	K02916	K02899	K03442	K02935	K02952	K03442	K04068	
K02895	K03040	K02926	K02919	K02902	K03458	K02939	K02954	K03465	K04069	
K02897	K03043	K02931	K02926	K02904	K03466	K02945	K02956	K03466	K04070	
K02899	K03046	K02933	K02931	K02906	K03469	K02946	K02959	K03469	K04072	
K02902	K03070	K02935	K02933	K02907	K03470	K02948	K02961	K03470	K04074	
K02904	K03071	K02939	K02935	K02909	K03480	K02950	K02963	K03495	K04075	
K02906	K03072	K02945	K02939	K02911	K03484	K02952	K02965	K03496	K04077	
K02907	K03073	K02946	K02945	K02913	K03495	K02954	K02967	K03497	K04078	
K02909	K03075	K02948	K02946	K02914	K03496	K02956	K02968	K03498	K04079	
K02911	K03076	K02950	K02948	K02916	K03497	K02959	K02970	K03499	K04094	
K02913	K03077	K02952	K02950	K02919	K03498	K02961	K02982	K03500	K04096	
K02914	K03086	K02954	K02952	K02926	K03499	K02963	K02986	K03501	K04477	
K02916	K03088	K02956	K02954	K02931	K03500	K02965	K02988	K03502	K04486	
K02919	K03092	K02959	K02956	K02933	K03501	K02967	K02990	K03517	K04487	
K02926	K03100	K02961	K02959	K02935	K03502	K02968	K02992	K03518	K04488	
K02931	K03101	K02963	K02961	K02939	K03517	K02970	K02994	K03521	K04517	
K02933	K03106	K02965	K02963	K02945	K03518	K02982	K02996	K03522	K04518	
K02935	K03110	K02967	K02965	K02946	K03523	K02986	K03040	K03523	K04567	
K02939	K03111	K02968	K02967	K02948	K03524	K02988	K03043	K03524	K04651	
K02945	K03113	K02970	K02968	K02950	K03525	K02990	K03046	K03525	K04653	
K02946	K03116	K02982	K02970	K02952	K03526	K02992	K03070	K03526	K04654	
K02948	K03118	K02986	K02982	K02954	K03527	K02994	K03072	K03527	K04655	
K02950	K03147	K02988	K02986	K02956	K03529	K02996	K03073	K03529	K04656	
K02952	K03149	K02990	K02988	K02959	K03530	K03040	K03075	K03530	K04749	
K02954	K03150	K02992	K02990	K02961	K03531	K03043	K03076	K03531	K04751	
K02956	K03152	K02994	K02992	K02963	K03534	K03046	K03086	K03536	K04757	
K02959	K03154	K02996	K02994	K02965	K03536	K03070	K03088	K03544	K04758	
K02961	K03168	K03040	K02996	K02967	K03544	K03072	K03092	K03545	K04759	
K02963	K03169	K03043	K03040	K02968	K03545	K03075	K03098	K03546	K04761	
K02965	K03177	K03046	K03043	K02970	K03546	K03076	K03100	K03547	K04763	
K02967	K03183	K03070	K03046	K02982	K03547	K03077	K03101	K03550	K05366	
K02968	K03210	K03072	K03070	K02986	K03550	K03086	K03106	K03551	K05515	
K02970	K03215	K03073	K03072	K02988	K03551	K03088	K03110	K03553	K05516	
K02982	K03217	K03075	K03075	K02990	K03553	K03092	K03111	K03555	K05796	
K02986	K03218	K03076	K03076	K02992	K03555	K03100	K03113	K03565	K05808	
K02988	K03269	K03077	K03077	K02994	K03564	K03101	K03116	K03569	K05810	
K02990	K03270	K03086	K03086	K02996	K03565	K03106	K03118	K03570	K05832	
K02992	K03281	K03088	K03088	K03040	K03568	K03110	K03146	K03571	K05833	
K02994	K03282	K03092	K03092	K03043	K03569	K03111	K03147	K03572	K05837	
K02996	K03284	K03100	K03100	K03046	K03570	K03113	K03152	K03574	K05895	
K03040	K03289	K03101	K03101	K03070	K03571	K03116	K03168	K03575	K05896	
K03043	K03296	K03106	K03106	K03072	K03572	K03118	K03169	K03581	K05919	
K03046	K03303	K03110	K03110	K03073	K03575	K03147	K03177	K03584	K05995	
K03070	K03305	K03111	K03111	K03075	K03581	K03149	K03183	K03587	K06024	
K03072	K03306	K03113	K03113	K03076	K03584	K03150	K03210	K03588	K06042	
K03073	K03307	K03116	K03116	K03077	K03587	K03152	K03215	K03595	K06147	
K03075	K03308	K03118	K03118	K03086	K03588	K03154	K03217	K03596	K06153	
K03076	K03315	K03147	K03147	K03088	K03589	K03168	K03218	K03601	K06155	
K03077	K03320	K03149	K03149	K03092	K03595	K03169	K03269	K03602	K06156	
K03086	K03321	K03150	K03150	K03100	K03596	K03177	K03270	K03609	K06157	
K03088	K03322	K03152	K03152	K03101	K03601	K03183	K03281	K03610	K06158	
K03092	K03324	K03154	K03154	K03106	K03602	K03205	K03282	K03612	K06168	
K03100	K03327	K03168	K03168	K03110	K03604	K03208	K03284	K03613	K06173	
K03101	K03328	K03169	K03169	K03111	K03608	K03210	K03286	K03614	K06178	
K03106	K03332	K03177	K03177	K03113	K03609	K03215	K03292	K03615	K06180	
K03110	K03340	K03183	K03183	K03116	K03612	K03217	K03294	K03616	K06187	
K03111	K03385	K03210	K03210	K03118	K03613	K03218	K03296	K03617	K06200	
K03113	K03386	K03215	K03215	K03147	K03614	K03269	K03305	K03621	K06201	
K03116	K03387	K03217	K03217	K03149	K03615	K03270	K03307	K03624	K06207	
K03118	K03402	K03218	K03218	K03150	K03616	K03271	K03308	K03625	K06212	
K03146	K03424	K03269	K03269	K03152	K03617	K03272	K03310	K03628	K06213	
K03147	K03426	K03270	K03270	K03154	K03621	K03273	K03312	K03629	K06215	
K03150	K03427	K03281	K03271	K03168	K03624	K03281	K03313	K03630	K06217	
K03152	K03430	K03282	K03273	K03169	K03625	K03282	K03315	K03631	K06218	
K03168	K03437	K03284	K03281	K03177	K03628	K03284	K03316	K03636	K06287	
K03169	K03438	K03286	K03282	K03183	K03629	K03286	K03317	K03637	K06330	
K03177	K03439	K03289	K03284	K03210	K03630	K03289	K03321	K03639	K06346	
K03183	K03442	K03292	K03289	K03215	K03631	K03292	K03322	K03648	K06416	
K03210	K03444	K03294	K03296	K03217	K03637	K03294	K03324	K03649	K06442	
K03215	K03453	K03296	K03303	K03218	K03639	K03296	K03327	K03650	K06864	
K03217	K03455	K03303	K03305	K03269	K03648	K03305	K03328	K03654	K06881	
K03218	K03466	K03305	K03306	K03270	K03649	K03306	K03332	K03655	K06889	
K03269	K03469	K03306	K03307	K03271	K03650	K03307	K03340	K03657	K06898	
K03270	K03470	K03307	K03308	K03281	K03655	K03308	K03385	K03660	K06901	
K03281	K03473	K03308	K03310	K03282	K03657	K03310	K03386	K03664	K06902	
K03282	K03474	K03310	K03313	K03284	K03660	K03313	K03387	K03665	K06919	
K03284	K03495	K03312	K03315	K03289	K03664	K03315	K03394	K03671	K06925	
K03286	K03496	K03313	K03320	K03292	K03665	K03320	K03402	K03685	K06941	
K03289	K03497	K03315	K03321	K03296	K03671	K03321	K03424	K03686	K06942	
K03292	K03498	K03320	K03322	K03299	K03685	K03322	K03426	K03687	K06949	
K03296	K03499	K03321	K03324	K03303	K03686	K03324	K03427	K03688	K06958	
K03305	K03501	K03322	K03325	K03305	K03687	K03327	K03430	K03695	K06959	
K03306	K03517	K03324	K03327	K03306	K03695	K03328	K03437	K03696	K06960	
K03307	K03521	K03325	K03328	K03307	K03696	K03332	K03438	K03698	K06962	
K03308	K03522	K03327	K03332	K03308	K03698	K03340	K03439	K03699	K06966	
K03310	K03524	K03332	K03340	K03310	K03699	K03385	K03442	K03700	K06971	
K03313	K03525	K03340	K03385	K03315	K03700	K03386	K03453	K03701	K06972	
K03315	K03526	K03386	K03386	K03320	K03701	K03387	K03455	K03702	K06973	
K03320	K03527	K03387	K03387	K03321	K03702	K03394	K03466	K03703	K06997	
K03321	K03530	K03394	K03402	K03322	K03703	K03402	K03469	K03704	K07005	
K03322	K03531	K03402	K03424	K03324	K03704	K03424	K03470	K03705	K07007	
K03324	K03534	K03424	K03426	K03327	K03705	K03426	K03473	K03706	K07010	
K03327	K03536	K03426	K03427	K03328	K03706	K03427	K03474	K03710	K07015	
K03328	K03543	K03427	K03430	K03332	K03711	K03430	K03495	K03711	K07027	
K03332	K03544	K03430	K03437	K03340	K03717	K03437	K03496	K03723	K07030	
K03340	K03545	K03437	K03438	K03385	K03719	K03438	K03497	K03734	K07040	
K03385	K03546	K03438	K03439	K03386	K03723	K03439	K03498	K03737	K07042	
K03386	K03547	K03439	K03442	K03387	K03734	K03442	K03499	K03738	K07043	
K03387	K03550	K03442	K03444	K03388	K03737	K03453	K03501	K03742	K07045	
K03388	K03551	K03444	K03453	K03389	K03742	K03455	K03517	K03743	K07052	
K03389	K03553	K03453	K03455	K03390	K03743	K03466	K03518	K03750	K07056	
K03390	K03555	K03455	K03466	K03402	K03763	K03469	K03521	K03753	K07067	
K03394	K03558	K03466	K03469	K03424	K03768	K03470	K03522	K03763	K07075	
K03402	K03559	K03469	K03470	K03426	K03778	K03473	K03524	K03768	K07079	
K03406	K03561	K03470	K03473	K03427	K03779	K03474	K03525	K03784	K07082	
K03424	K03564	K03473	K03474	K03430	K03780	K03495	K03526	K03785	K07089	
K03426	K03565	K03474	K03490	K03437	K03784	K03496	K03527	K03787	K07095	
K03427	K03569	K03495	K03495	K03438	K03785	K03497	K03530	K03789	K07105	
K03430	K03570	K03496	K03496	K03439	K03789	K03498	K03531	K03797	K07106	
K03437	K03572	K03497	K03497	K03442	K03797	K03499	K03534	K03798	K07133	
K03438	K03575	K03498	K03498	K03453	K03798	K03501	K03536	K03800	K07137	
K03439	K03584	K03499	K03499	K03455	K03816	K03517	K03543	K03811	K07138	
K03442	K03585	K03501	K03501	K03466	K03823	K03521	K03544	K03816	K07150	
K03444	K03587	K03502	K03517	K03469	K03826	K03522	K03545	K03833	K07154	
K03446	K03588	K03503	K03521	K03470	K03851	K03524	K03546	K03856	K07164	
K03453	K03589	K03517	K03522	K03473	K03925	K03525	K03547	K03892	K07166	
K03455	K03590	K03521	K03524	K03474	K03976	K03526	K03550	K03925	K07173	
K03466	K03593	K03522	K03525	K03495	K03977	K03527	K03551	K03973	K07220	
K03469	K03594	K03524	K03526	K03496	K03978	K03530	K03553	K03976	K07258	
K03470	K03595	K03525	K03527	K03497	K03979	K03531	K03555	K03977	K07284	
K03473	K03596	K03526	K03530	K03498	K04024	K03536	K03558	K03978	K07313	
K03474	K03601	K03527	K03531	K03499	K04028	K03543	K03559	K03979	K07316	
K03495	K03602	K03530	K03534	K03501	K04029	K03544	K03561	K04034	K07334	
K03496	K03606	K03531	K03536	K03502	K04031	K03545	K03564	K04041	K07391	
K03497	K03612	K03534	K03543	K03517	K04034	K03546	K03565	K04043	K07402	
K03498	K03613	K03536	K03544	K03521	K04041	K03547	K03568	K04066	K07443	
K03499	K03614	K03544	K03545	K03522	K04043	K03550	K03569	K04068	K07447	
K03501	K03615	K03545	K03546	K03524	K04066	K03551	K03570	K04069	K07458	
K03502	K03616	K03546	K03547	K03525	K04068	K03553	K03572	K04072	K07460	
K03503	K03617	K03547	K03550	K03526	K04069	K03555	K03574	K04075	K07462	
K03517	K03624	K03550	K03551	K03527	K04070	K03558	K03575	K04077	K07473	
K03521	K03625	K03551	K03553	K03530	K04072	K03559	K03584	K04078	K07478	
K03522	K03628	K03553	K03555	K03531	K04075	K03561	K03585	K04079	K07485	
K03524	K03629	K03555	K03558	K03534	K04077	K03564	K03587	K04083	K07491	
K03525	K03630	K03558	K03559	K03536	K04078	K03565	K03588	K04085	K07533	
K03526	K03631	K03559	K03561	K03543	K04079	K03568	K03589	K04096	K07560	
K03527	K03634	K03561	K03564	K03544	K04083	K03569	K03590	K04477	K07566	
K03530	K03644	K03564	K03565	K03545	K04085	K03570	K03592	K04485	K07568	
K03531	K03646	K03565	K03568	K03546	K04096	K03572	K03593	K04486	K07574	
K03534	K03648	K03569	K03569	K03547	K04477	K03575	K03594	K04487	K07636	
K03536	K03650	K03570	K03570	K03550	K04485	K03584	K03595	K04488	K07667	
K03543	K03654	K03572	K03572	K03551	K04486	K03585	K03596	K04517	K07704	
K03544	K03655	K03574	K03574	K03553	K04487	K03587	K03601	K04518	K07722	
K03545	K03657	K03575	K03575	K03555	K04488	K03588	K03602	K04565	K07727	
K03546	K03664	K03580	K03584	K03558	K04517	K03589	K03605	K04567	K07736	
K03547	K03665	K03581	K03585	K03559	K04518	K03590	K03606	K04651	K07738	
K03550	K03671	K03584	K03587	K03561	K04567	K03592	K03612	K04652	K07739	
K03551	K03685	K03585	K03588	K03564	K04651	K03593	K03613	K04655	K07814	
K03553	K03686	K03587	K03589	K03565	K04652	K03595	K03614	K04720	K07979	
K03555	K03687	K03588	K03590	K03569	K04653	K03596	K03615	K04758	K08177	
K03558	K03695	K03589	K03592	K03570	K04654	K03601	K03616	K04759	K08302	
K03559	K03696	K03590	K03593	K03572	K04655	K03602	K03617	K04763	K08303	
K03561	K03699	K03593	K03594	K03575	K04656	K03606	K03620	K04769	K08309	
K03564	K03701	K03594	K03595	K03584	K04720	K03612	K03624	K04771	K08315	
K03565	K03702	K03595	K03596	K03585	K04758	K03613	K03625	K04773	K08316	
K03568	K03703	K03596	K03601	K03587	K04759	K03614	K03628	K04844	K08352	
K03569	K03711	K03601	K03602	K03588	K04763	K03615	K03629	K05337	K08372	
K03570	K03718	K03602	K03606	K03589	K04769	K03616	K03630	K05342	K08483	
K03572	K03719	K03606	K03612	K03590	K04771	K03617	K03631	K05364	K08591	
K03575	K03723	K03612	K03613	K03593	K05297	K03624	K03634	K05366	K08600	
K03584	K03733	K03613	K03614	K03594	K05303	K03625	K03640	K05515	K08659	
K03585	K03734	K03614	K03615	K03595	K05341	K03628	K03642	K05516	K08681	
K03587	K03737	K03615	K03616	K03596	K05343	K03629	K03644	K05540	K08744	
K03588	K03742	K03616	K03617	K03601	K05349	K03630	K03646	K05592	K08972	
K03589	K03743	K03617	K03624	K03602	K05350	K03631	K03648	K05601	K08978	
K03590	K03744	K03624	K03625	K03606	K05364	K03634	K03650	K05770	K08998	
K03592	K03748	K03625	K03628	K03612	K05366	K03644	K03654	K05772	K08999	
K03593	K03768	K03628	K03629	K03613	K05515	K03648	K03655	K05773	K09005	
K03595	K03770	K03629	K03630	K03614	K05516	K03650	K03657	K05796	K09013	
K03596	K03771	K03630	K03631	K03615	K05540	K03654	K03664	K05799	K09014	
K03601	K03772	K03631	K03634	K03616	K05601	K03655	K03665	K05808	K09117	
K03602	K03773	K03634	K03644	K03617	K05770	K03657	K03671	K05810	K09121	
K03606	K03775	K03644	K03646	K03624	K05799	K03664	K03685	K05832	K09125	
K03612	K03778	K03646	K03648	K03625	K05808	K03665	K03686	K05833	K09157	
K03613	K03783	K03648	K03650	K03628	K05810	K03671	K03687	K05837	K09458	
K03614	K03786	K03650	K03654	K03629	K05832	K03685	K03695	K05845	K09693	
K03615	K03787	K03654	K03655	K03630	K05833	K03686	K03696	K05846	K09710	
K03616	K03797	K03655	K03657	K03631	K05837	K03687	K03699	K05847	K09747	
K03617	K03798	K03657	K03658	K03634	K05896	K03694	K03701	K05878	K09748	
K03624	K03799	K03664	K03664	K03644	K05919	K03695	K03702	K05879	K09760	
K03625	K03800	K03665	K03665	K03646	K05934	K03696	K03703	K05896	K09762	
K03628	K03801	K03671	K03671	K03648	K05936	K03699	K03711	K05919	K09765	
K03629	K03803	K03685	K03685	K03650	K05995	K03701	K03718	K05934	K09767	
K03630	K03811	K03686	K03686	K03654	K06012	K03702	K03719	K05936	K09768	
K03631	K03814	K03687	K03687	K03655	K06023	K03703	K03723	K05939	K09772	
K03634	K03816	K03694	K03695	K03657	K06024	K03711	K03733	K06001	K09773	
K03640	K03827	K03695	K03696	K03664	K06042	K03718	K03734	K06012	K09811	
K03644	K03832	K03696	K03699	K03665	K06120	K03723	K03737	K06023	K09812	
K03648	K03839	K03699	K03701	K03671	K06121	K03733	K03741	K06024	K09817	
K03650	K03885	K03701	K03702	K03685	K06131	K03734	K03742	K06042	K09825	
K03654	K03924	K03702	K03703	K03686	K06132	K03737	K03743	K06131	K09861	
K03655	K03925	K03703	K03707	K03687	K06133	K03741	K03744	K06132	K09903	
K03657	K03973	K03711	K03709	K03695	K06147	K03742	K03768	K06147	K10005	
K03664	K03975	K03718	K03710	K03696	K06153	K03743	K03770	K06153	K10006	
K03665	K03976	K03719	K03711	K03699	K06158	K03744	K03771	K06158	K10007	
K03671	K03977	K03723	K03718	K03701	K06168	K03768	K03772	K06168	K10008	
K03685	K03978	K03733	K03719	K03702	K06173	K03770	K03773	K06173	K10039	
K03686	K03979	K03734	K03723	K03703	K06178	K03771	K03775	K06178	K10040	
K03687	K04041	K03737	K03733	K03710	K06179	K03772	K03778	K06179	K10041	
K03694	K04043	K03741	K03734	K03711	K06180	K03773	K03781	K06180	K10112	
K03695	K04047	K03742	K03737	K03718	K06182	K03775	K03783	K06182	K10117	
K03696	K04066	K03743	K03741	K03719	K06183	K03778	K03786	K06183	K10118	
K03699	K04068	K03744	K03742	K03723	K06187	K03783	K03787	K06187	K10119	
K03701	K04069	K03768	K03743	K03733	K06200	K03786	K03797	K06196	K10206	
K03702	K04075	K03770	K03744	K03734	K06207	K03787	K03798	K06199	K10536	
K03703	K04077	K03771	K03748	K03737	K06209	K03797	K03800	K06207	K10709	
K03711	K04078	K03772	K03768	K03741	K06213	K03798	K03801	K06213	K10710	
K03718	K04079	K03773	K03770	K03742	K06217	K03801	K03803	K06217	K10773	
K03723	K04084	K03775	K03771	K03743	K06283	K03803	K03810	K06223	K10797	
K03733	K04096	K03778	K03772	K03744	K06287	K03811	K03811	K06283	K10823	
K03734	K04485	K03783	K03773	K03748	K06298	K03814	K03814	K06287	K10907	
K03737	K04486	K03786	K03775	K03768	K06310	K03827	K03816	K06298	K10947	
K03742	K04516	K03787	K03778	K03770	K06320	K03832	K03818	K06306	K11068	
K03743	K04518	K03797	K03781	K03771	K06330	K03839	K03819	K06331	K11105	
K03744	K04564	K03798	K03783	K03772	K06331	K03885	K03823	K06333	K11144	
K03748	K04567	K03799	K03786	K03773	K06333	K03924	K03827	K06334	K11175	
K03768	K04757	K03801	K03787	K03775	K06334	K03925	K03830	K06337	K11189	
K03770	K04759	K03803	K03789	K03778	K06337	K03929	K03832	K06346	K11358	
K03771	K04761	K03811	K03797	K03781	K06346	K03931	K03839	K06373	K11717	
K03772	K04762	K03814	K03798	K03783	K06378	K03973	K03885	K06374	K11749	
K03773	K04763	K03816	K03799	K03786	K06379	K03975	K03924	K06378	K11753	
K03775	K04764	K03818	K03800	K03787	K06381	K03976	K03929	K06379	K11754	
K03778	K04773	K03823	K03801	K03797	K06382	K03977	K03973	K06381	K11755	
K03781	K05306	K03827	K03803	K03798	K06383	K03979	K03975	K06382	K11924	
K03783	K05340	K03830	K03811	K03799	K06385	K04041	K03976	K06383	K11927	
K03786	K05349	K03832	K03814	K03800	K06390	K04042	K03977	K06385	K12132	
K03787	K05366	K03839	K03816	K03801	K06391	K04043	K03978	K06387	K12136	
K03797	K05367	K03924	K03827	K03803	K06392	K04047	K03979	K06390	K12137	
K03798	K05515	K03925	K03832	K03811	K06393	K04066	K04041	K06391	K12138	
K03800	K05516	K03931	K03839	K03814	K06394	K04068	K04043	K06392	K12140	
K03801	K05520	K03973	K03885	K03816	K06395	K04069	K04047	K06393	K12141	
K03803	K05591	K03975	K03924	K03827	K06396	K04075	K04066	K06394	K12143	
K03811	K05592	K03976	K03925	K03830	K06397	K04077	K04068	K06396	K12297	
K03814	K05595	K03977	K03973	K03832	K06398	K04078	K04069	K06397	K12308	
K03816	K05601	K03978	K03975	K03839	K06399	K04079	K04075	K06398	K12410	
K03823	K05606	K03979	K03976	K03885	K06400	K04084	K04077	K06399	K12510	
K03827	K05776	K04041	K03977	K03924	K06403	K04095	K04078	K06400	K12511	
K03828	K05783	K04043	K03978	K03925	K06404	K04096	K04079	K06403	K12527	
K03830	K05800	K04066	K03979	K03973	K06405	K04485	K04084	K06404	K12573	
K03832	K05807	K04068	K04041	K03975	K06406	K04486	K04096	K06405	K12574	
K03839	K05808	K04069	K04043	K03976	K06407	K04516	K04477	K06406	K12952	
K03885	K05810	K04075	K04047	K03977	K06409	K04518	K04485	K06407	K13017	
K03924	K05837	K04077	K04066	K03978	K06412	K04564	K04486	K06408	K13038	
K03925	K05946	K04078	K04068	K03979	K06421	K04567	K04516	K06409	K13049	
K03928	K05970	K04079	K04069	K04041	K06438	K04720	K04518	K06412	K13252	
K03931	K05989	K04084	K04075	K04043	K06442	K04751	K04564	K06421	K13292	
K03973	K06001	K04096	K04077	K04047	K06518	K04759	K04567	K06438	K13640	
K03975	K06041	K04477	K04078	K04066	K06864	K04761	K04651	K06442	K13643	
K03976	K06076	K04485	K04079	K04068	K06871	K04762	K04652	K06518	K13714	
K03977	K06079	K04516	K04084	K04069	K06872	K04763	K04653	K06726	K13787	
K03978	K06131	K04518	K04096	K04075	K06881	K04764	K04654	K06864	K13993	
K03979	K06142	K04564	K04485	K04077	K06889	K04773	K04655	K06871	K14059	
K04041	K06143	K04567	K04486	K04078	K06898	K05306	K04656	K06872	K14086	
K04043	K06147	K04720	K04516	K04079	K06901	K05340	K04720	K06881	K14088	
K04047	K06153	K04751	K04518	K04084	K06915	K05349	K04749	K06889	K14090	
K04066	K06158	K04759	K04564	K04096	K06919	K05366	K04757	K06898	K14091	
K04068	K06167	K04762	K04567	K04485	K06921	K05499	K04759	K06901	K14170	
K04069	K06168	K04763	K04751	K04486	K06923	K05515	K04761	K06902	K14205	
K04075	K06173	K04764	K04759	K04516	K06925	K05516	K04762	K06923	K14260	
K04077	K06177	K04773	K04761	K04518	K06926	K05591	K04763	K06925	K14441	
K04078	K06178	K05306	K04762	K04564	K06928	K05592	K04764	K06940	K14623	
K04079	K06180	K05340	K04763	K04567	K06937	K05595	K04773	K06941	K15051	
K04084	K06187	K05349	K04764	K04751	K06940	K05601	K04940	K06942	K15511	
K04096	K06188	K05366	K04771	K04759	K06941	K05606	K05306	K06949	K15532	
K04485	K06199	K05515	K04773	K04761	K06942	K05776	K05340	K06950	K15580	
K04486	K06200	K05516	K05340	K04762	K06949	K05801	K05343	K06951	K15583	
K04516	K06201	K05520	K05349	K04763	K06950	K05807	K05349	K06958	K15633	
K04518	K06207	K05591	K05366	K04764	K06952	K05808	K05366	K06959	K15634	
K04564	K06213	K05592	K05367	K04773	K06958	K05810	K05367	K06960	K15830	
K04567	K06217	K05595	K05515	K05306	K06959	K05837	K05396	K06967	K15984	
K04720	K06223	K05601	K05516	K05340	K06960	K05936	K05499	K06969	K15986	
K04750	K06287	K05606	K05520	K05349	K06966	K05946	K05515	K06972	K16210	
K04751	K06373	K05770	K05591	K05366	K06967	K05970	K05516	K06973	K16785	
K04757	K06381	K05776	K05592	K05367	K06969	K05988	K05520	K06997	K16786	
K04759	K06518	K05800	K05595	K05499	K06972	K05989	K05592	K07003	K16787	
K04761	K06861	K05801	K05601	K05515	K06973	K06001	K05595	K07005	K16927	
K04762	K06871	K05807	K05606	K05516	K06993	K06041	K05601	K07007	K17073	
K04763	K06872	K05808	K05776	K05520	K06997	K06042	K05606	K07009	K17074	
K04764	K06881	K05810	K05783	K05591	K07003	K06076	K05776	K07010	K17076	
K04771	K06885	K05837	K05800	K05592	K07005	K06079	K05785	K07011	K17250	
K04773	K06889	K05936	K05807	K05595	K07007	K06113	K05800	K07012	K17722	
K05306	K06894	K05946	K05808	K05601	K07009	K06131	K05801	K07015	K17758	
K05340	K06897	K05970	K05810	K05606	K07011	K06142	K05807	K07023	K17759	
K05349	K06911	K05989	K05837	K05776	K07012	K06147	K05808	K07025	K17810	
K05366	K06920	K05995	K05970	K05783	K07015	K06153	K05810	K07027	K17828	
K05367	K06921	K06001	K05988	K05800	K07023	K06158	K05825	K07030	K18350	
K05499	K06925	K06019	K05989	K05807	K07025	K06167	K05837	K07033	K18682	
K05515	K06941	K06041	K06001	K05808	K07027	K06168	K05878	K07035	K18707	
K05516	K06942	K06042	K06041	K05810	K07030	K06173	K05879	K07040	K18918	
K05591	K06949	K06076	K06076	K05825	K07035	K06177	K05936	K07042	K18926	
K05592	K06950	K06079	K06079	K05837	K07040	K06178	K05970	K07043	K19221	
K05595	K06959	K06113	K06113	K05946	K07043	K06180	K05989	K07045	K19506	
K05601	K06966	K06131	K06131	K05970	K07056	K06187	K06001	K07052	K19507	
K05606	K06969	K06142	K06142	K05988	K07058	K06188	K06041	K07053	K19508	
K05776	K06970	K06147	K06143	K05989	K07079	K06199	K06042	K07056	K19509	
K05807	K06973	K06148	K06147	K06001	K07082	K06200	K06076	K07058	K19510	
K05808	K06975	K06153	K06153	K06041	K07088	K06201	K06131	K07069	K19689	
K05810	K06990	K06158	K06158	K06076	K07090	K06207	K06142	K07088	K20074	
K05837	K06997	K06167	K06167	K06079	K07095	K06213	K06147	K07089	K20265	
K05878	K07001	K06168	K06168	K06113	K07098	K06217	K06153	K07090	K20444	
K05879	K07005	K06173	K06173	K06131	K07105	K06223	K06155	K07095	K20449	
K05936	K07011	K06177	K06177	K06142	K07112	K06287	K06158	K07098	K20487	
K05970	K07025	K06178	K06178	K06143	K07133	K06373	K06167	K07105	K20488	
K05988	K07027	K06180	K06180	K06147	K07137	K06381	K06168	K07107	K20490	
K05989	K07037	K06187	K06187	K06153	K07138	K06518	K06173	K07112	K20491	
K06001	K07043	K06199	K06188	K06158	K07139	K06859	K06177	K07124	K20492	
K06019	K07052	K06200	K06199	K06167	K07141	K06861	K06178	K07133	K21009	
K06041	K07056	K06201	K06200	K06168	K07149	K06871	K06180	K07137	K21011	
K06042	K07058	K06207	K06201	K06173	K07162	K06872	K06182	K07138	K21012	
K06076	K07071	K06213	K06207	K06177	K07166	K06881	K06187	K07139	K21071	
K06079	K07078	K06217	K06213	K06178	K07171	K06885	K06200	K07171	K21449	
K06113	K07079	K06287	K06217	K06180	K07173	K06889	K06201	K07173	K21471	
K06131	K07082	K06373	K06223	K06187	K07216	K06891	K06207	K07175	K21498	
K06142	K07085	K06381	K06287	K06188	K07238	K06911	K06213	K07216	K21600	
K06143	K07091	K06400	K06373	K06199	K07240	K06920	K06217	K07219	K21636	
K06147	K07095	K06518	K06381	K06200	K07258	K06921	K06218	K07238	K21903	
K06153	K07098	K06861	K06518	K06201	K07271	K06925	K06223	K07240	K21929	
K06158	K07106	K06871	K06861	K06207	K07282	K06926	K06281	K07258	K22015	
K06167	K07107	K06872	K06871	K06213	K07284	K06941	K06282	K07271	K22132	
K06168	K07114	K06881	K06872	K06217	K07301	K06942	K06287	K07284	K22293	
K06173	K07118	K06885	K06881	K06223	K07315	K06949	K06373	K07301		
K06177	K07126	K06889	K06885	K06287	K07321	K06950	K06381	K07318		
K06178	K07132	K06891	K06889	K06373	K07335	K06959	K06518	K07319		
K06180	K07133	K06909	K06894	K06381	K07391	K06966	K06859	K07343		
K06187	K07137	K06911	K06897	K06518	K07402	K06969	K06861	K07391		
K06199	K07139	K06919	K06911	K06861	K07404	K06973	K06871	K07402		
K06200	K07148	K06920	K06920	K06871	K07407	K06997	K06872	K07443		
K06201	K07164	K06925	K06921	K06872	K07444	K07001	K06881	K07444		
K06207	K07175	K06926	K06925	K06881	K07447	K07005	K06889	K07447		
K06213	K07192	K06941	K06934	K06885	K07448	K07011	K06894	K07451		
K06217	K07217	K06942	K06941	K06889	K07451	K07014	K06903	K07452		
K06287	K07220	K06949	K06942	K06894	K07456	K07017	K06907	K07456		
K06373	K07240	K06950	K06949	K06897	K07461	K07025	K06909	K07458		
K06381	K07259	K06959	K06950	K06909	K07462	K07027	K06911	K07459		
K06518	K07263	K06966	K06959	K06911	K07464	K07037	K06915	K07460		
K06861	K07271	K06969	K06966	K06920	K07467	K07043	K06920	K07461		
K06871	K07273	K06973	K06969	K06921	K07469	K07052	K06921	K07462		
K06872	K07277	K06975	K06970	K06925	K07473	K07056	K06925	K07464		
K06881	K07282	K06978	K06973	K06941	K07478	K07058	K06941	K07473		
K06885	K07289	K06989	K06975	K06942	K07483	K07078	K06942	K07478		
K06889	K07301	K06997	K06996	K06949	K07484	K07079	K06949	K07480		
K06891	K07304	K07001	K06997	K06950	K07491	K07082	K06950	K07484		
K06894	K07315	K07003	K07001	K06959	K07493	K07085	K06959	K07491		
K06897	K07318	K07011	K07005	K06966	K07496	K07091	K06966	K07507		
K06903	K07322	K07017	K07011	K06969	K07497	K07095	K06969	K07533		
K06904	K07386	K07025	K07025	K06970	K07502	K07098	K06973	K07560		
K06907	K07387	K07027	K07027	K06973	K07560	K07106	K06975	K07566		
K06909	K07391	K07037	K07031	K06975	K07566	K07107	K06988	K07568		
K06911	K07404	K07043	K07037	K06989	K07568	K07114	K06996	K07574		
K06920	K07405	K07045	K07039	K06996	K07574	K07126	K06997	K07576		
K06921	K07407	K07052	K07043	K06997	K07576	K07133	K07001	K07584		
K06925	K07443	K07053	K07045	K07001	K07584	K07137	K07005	K07636		
K06941	K07444	K07056	K07052	K07003	K07590	K07138	K07011	K07646		
K06942	K07447	K07058	K07053	K07005	K07636	K07139	K07012	K07658		
K06949	K07452	K07075	K07056	K07011	K07646	K07154	K07017	K07667		
K06950	K07456	K07078	K07058	K07025	K07652	K07164	K07025	K07699		
K06959	K07460	K07079	K07071	K07027	K07658	K07173	K07027	K07705		
K06966	K07462	K07082	K07075	K07031	K07667	K07175	K07037	K07717		
K06969	K07478	K07085	K07078	K07037	K07668	K07214	K07043	K07718		
K06973	K07484	K07091	K07079	K07043	K07694	K07220	K07052	K07719		
K06975	K07497	K07095	K07082	K07045	K07699	K07240	K07056	K07720		
K06989	K07504	K07096	K07085	K07052	K07718	K07259	K07058	K07727		
K06996	K07506	K07098	K07089	K07056	K07720	K07263	K07071	K07729		
K06997	K07560	K07106	K07091	K07058	K07726	K07271	K07075	K07736		
K07000	K07566	K07107	K07095	K07071	K07729	K07273	K07078	K07738		
K07001	K07568	K07114	K07098	K07075	K07738	K07277	K07079	K07742		
K07003	K07588	K07126	K07106	K07078	K07742	K07282	K07082	K07755		
K07004	K07636	K07133	K07107	K07079	K07814	K07301	K07085	K07816		
K07005	K07646	K07137	K07114	K07082	K07816	K07304	K07089	K07862		
K07010	K07657	K07139	K07115	K07085	K07862	K07319	K07091	K07979		
K07011	K07658	K07148	K07118	K07091	K07979	K07322	K07095	K08094		
K07017	K07713	K07154	K07126	K07095	K08170	K07334	K07098	K08166		
K07025	K07735	K07164	K07133	K07098	K08234	K07386	K07106	K08177		
K07027	K07791	K07173	K07137	K07106	K08301	K07387	K07107	K08298		
K07037	K07792	K07192	K07139	K07107	K08303	K07391	K07114	K08303		
K07043	K08138	K07214	K07148	K07110	K08309	K07404	K07124	K08316		
K07045	K08156	K07220	K07164	K07114	K08316	K07405	K07133	K08384		
K07052	K08169	K07221	K07175	K07115	K08384	K07407	K07137	K08483		
K07053	K08191	K07240	K07192	K07118	K08483	K07443	K07138	K08591		
K07056	K08218	K07248	K07220	K07126	K08591	K07444	K07139	K08600		
K07058	K08223	K07259	K07223	K07133	K08600	K07447	K07148	K08744		
K07075	K08224	K07263	K07240	K07137	K08744	K07456	K07154	K08963		
K07078	K08282	K07271	K07257	K07139	K08884	K07459	K07164	K08974		
K07079	K08289	K07273	K07259	K07148	K08978	K07460	K07175	K08978		
K07082	K08295	K07277	K07263	K07154	K08998	K07462	K07214	K08981		
K07085	K08301	K07282	K07270	K07164	K09022	K07478	K07223	K09002		
K07091	K08303	K07301	K07273	K07175	K09116	K07507	K07231	K09013		
K07095	K08307	K07304	K07277	K07192	K09117	K07560	K07240	K09022		
K07098	K08314	K07322	K07282	K07214	K09121	K07566	K07248	K09116		
K07101	K08316	K07386	K07289	K07220	K09157	K07568	K07259	K09117		
K07106	K08325	K07387	K07301	K07221	K09384	K07588	K07263	K09121		
K07107	K08364	K07391	K07304	K07223	K09458	K07636	K07271	K09157		
K07114	K08641	K07404	K07318	K07240	K09691	K07646	K07277	K09163		
K07118	K08676	K07405	K07322	K07259	K09692	K07657	K07282	K09458		
K07133	K08678	K07407	K07343	K07263	K09693	K07658	K07301	K09472		
K07137	K08884	K07443	K07386	K07271	K09698	K07697	K07302	K09684		
K07138	K08961	K07444	K07387	K07273	K09702	K07698	K07315	K09690		
K07139	K08968	K07447	K07391	K07277	K09703	K07710	K07316	K09696		
K07148	K08978	K07456	K07404	K07282	K09706	K07713	K07319	K09698		
K07154	K08999	K07460	K07405	K07289	K09710	K07727	K07322	K09707		
K07164	K09011	K07462	K07407	K07301	K09747	K07735	K07386	K09710		
K07175	K09013	K07474	K07443	K07304	K09748	K07791	K07387	K09747		
K07192	K09014	K07478	K07444	K07319	K09759	K07792	K07391	K09748		
K07214	K09015	K07484	K07447	K07322	K09761	K08138	K07397	K09759		
K07220	K09022	K07497	K07456	K07386	K09762	K08139	K07403	K09761		
K07221	K09065	K07507	K07460	K07387	K09765	K08156	K07405	K09762		
K07223	K09117	K07560	K07462	K07391	K09772	K08191	K07407	K09765		
K07240	K09125	K07566	K07478	K07404	K09777	K08218	K07443	K09768		
K07257	K09181	K07568	K07483	K07405	K09779	K08223	K07444	K09772		
K07259	K09457	K07588	K07484	K07407	K09787	K08224	K07447	K09778		
K07263	K09458	K07636	K07497	K07443	K09811	K08289	K07456	K09779		
K07273	K09650	K07646	K07507	K07444	K09812	K08295	K07458	K09787		
K07277	K09702	K07657	K07560	K07447	K09815	K08301	K07460	K09811		
K07282	K09710	K07658	K07566	K07456	K09816	K08303	K07462	K09812		
K07301	K09748	K07713	K07568	K07458	K09817	K08307	K07464	K09825		
K07304	K09758	K07727	K07588	K07460	K09820	K08314	K07478	K09861		
K07315	K09760	K07735	K07636	K07462	K09825	K08316	K07492	K09888		
K07317	K09761	K07741	K07646	K07474	K09861	K08364	K07507	K09903		
K07322	K09789	K07791	K07657	K07478	K09888	K08641	K07560	K09936		
K07334	K09790	K07792	K07658	K07483	K09903	K08651	K07566	K09951		
K07386	K09793	K08138	K07665	K07484	K09936	K08676	K07568	K09988		
K07387	K09807	K08156	K07713	K07487	K09988	K08678	K07588	K10112		
K07391	K09808	K08169	K07727	K07497	K10012	K08717	K07636	K10117		
K07404	K09810	K08191	K07729	K07506	K10112	K08838	K07646	K10118		
K07405	K09811	K08218	K07735	K07507	K10117	K08884	K07657	K10119		
K07407	K09812	K08224	K07783	K07560	K10118	K08961	K07658	K10121		
K07443	K09815	K08282	K07791	K07566	K10119	K08968	K07665	K10188		
K07444	K09816	K08289	K07792	K07568	K10120	K08978	K07713	K10189		
K07447	K09817	K08295	K08138	K07588	K10121	K08998	K07722	K10190		
K07451	K09825	K08301	K08139	K07636	K10188	K08999	K07727	K10202		
K07456	K09861	K08303	K08156	K07646	K10189	K09001	K07729	K10206		
K07460	K09888	K08307	K08169	K07657	K10190	K09011	K07735	K10217		
K07462	K09903	K08314	K08191	K07658	K10200	K09013	K07787	K10439		
K07478	K09922	K08316	K08218	K07665	K10201	K09014	K07791	K10440		
K07484	K09924	K08325	K08223	K07713	K10202	K09015	K07792	K10441		
K07507	K09955	K08641	K08224	K07735	K10206	K09022	K07798	K10540		
K07552	K09973	K08676	K08282	K07783	K10254	K09065	K08138	K10541		
K07560	K09988	K08678	K08289	K07791	K10439	K09117	K08156	K10542		
K07566	K10026	K08679	K08295	K07792	K10440	K09125	K08169	K10670		
K07568	K10112	K08884	K08301	K08138	K10441	K09181	K08191	K10671		
K07588	K10206	K08968	K08303	K08139	K10542	K09457	K08217	K10672		
K07636	K10536	K08978	K08307	K08156	K10543	K09458	K08218	K10773		
K07646	K10563	K08998	K08314	K08169	K10546	K09650	K08223	K10793		
K07657	K10716	K08999	K08316	K08191	K10547	K09680	K08289	K10794		
K07658	K10742	K09011	K08325	K08218	K10548	K09704	K08295	K10795		
K07665	K10764	K09013	K08364	K08222	K10555	K09710	K08301	K10796		
K07713	K10773	K09014	K08641	K08223	K10560	K09748	K08303	K10823		
K07727	K10778	K09015	K08676	K08224	K10561	K09758	K08307	K10844		
K07735	K10947	K09022	K08678	K08282	K10562	K09760	K08314	K10907		
K07741	K11065	K09065	K08679	K08289	K10716	K09761	K08316	K10947		
K07783	K11068	K09117	K08884	K08295	K10773	K09765	K08321	K11041		
K08138	K11069	K09125	K08961	K08301	K10820	K09789	K08325	K11068		
K08139	K11070	K09457	K08968	K08303	K10823	K09790	K08364	K11069		
K08156	K11071	K09458	K08978	K08307	K10844	K09793	K08676	K11071		
K08169	K11072	K09474	K08998	K08314	K10947	K09797	K08678	K11072		
K08191	K11085	K09650	K08999	K08316	K10974	K09808	K08884	K11145		
K08217	K11105	K09680	K09011	K08325	K11068	K09809	K08963	K11175		
K08218	K11175	K09690	K09013	K08364	K11069	K09810	K08968	K11184		
K08223	K11381	K09691	K09014	K08641	K11070	K09811	K08974	K11189		
K08224	K11527	K09710	K09015	K08676	K11071	K09812	K08978	K11358		
K08289	K11537	K09748	K09022	K08678	K11072	K09815	K08998	K11534		
K08295	K11645	K09758	K09065	K08679	K11085	K09816	K08999	K11645		
K08301	K11707	K09760	K09117	K08884	K11145	K09817	K09011	K11749		
K08303	K11717	K09761	K09125	K08961	K11175	K09825	K09013	K11753		
K08307	K11720	K09765	K09181	K08968	K11184	K09861	K09014	K11754		
K08314	K11741	K09789	K09457	K08978	K11189	K09888	K09015	K11755		
K08316	K11748	K09790	K09458	K08998	K11201	K09903	K09022	K11928		
K08321	K11749	K09797	K09459	K08999	K11358	K09922	K09065	K11991		
K08364	K11751	K09808	K09469	K09011	K11749	K09955	K09117	K12132		
K08641	K11752	K09810	K09650	K09013	K11751	K09973	K09125	K12257		
K08646	K11753	K09811	K09702	K09014	K11752	K09992	K09181	K12308		
K08676	K11754	K09812	K09704	K09015	K11753	K10026	K09457	K12410		
K08678	K11755	K09815	K09710	K09022	K11754	K10112	K09458	K12506		
K08717	K11927	K09816	K09748	K09065	K11755	K10206	K09650	K12510		
K08884	K11991	K09817	K09758	K09117	K11894	K10536	K09680	K12511		
K08961	K12132	K09825	K09760	K09125	K11913	K10563	K09702	K12527		
K08968	K12251	K09861	K09761	K09181	K11928	K10742	K09704	K12573		
K08974	K12257	K09888	K09789	K09457	K11991	K10764	K09710	K12574		
K08978	K12267	K09903	K09790	K09458	K12132	K10773	K09748	K12700		
K08999	K12308	K09922	K09793	K09650	K12256	K10778	K09758	K12941		
K09011	K12339	K09939	K09807	K09702	K12257	K10947	K09760	K12950		
K09013	K12340	K09955	K09808	K09704	K12308	K11065	K09761	K12952		
K09014	K12343	K10026	K09809	K09710	K12373	K11068	K09789	K12992		
K09015	K12373	K10112	K09810	K09748	K12410	K11069	K09790	K13038		
K09022	K12410	K10206	K09811	K09758	K12452	K11070	K09793	K13280		
K09065	K12524	K10439	K09812	K09760	K12506	K11071	K09807	K13292		
K09117	K12573	K10536	K09815	K09761	K12510	K11072	K09808	K13479		
K09125	K12585	K10716	K09816	K09765	K12511	K11085	K09809	K13542		
K09181	K12942	K10742	K09817	K09789	K12527	K11105	K09810	K13653		
K09457	K12990	K10764	K09825	K09790	K12573	K11175	K09811	K13789		
K09458	K13038	K10773	K09861	K09793	K12574	K11527	K09812	K13818		
K09607	K13043	K10774	K09888	K09807	K12700	K11537	K09815	K13940		
K09650	K13378	K10778	K09903	K09808	K12941	K11645	K09816	K13993		
K09680	K13421	K10947	K09922	K09810	K12950	K11707	K09817	K14080		
K09702	K13497	K11031	K09924	K09811	K12952	K11717	K09861	K14155		
K09704	K13566	K11065	K09939	K09812	K12962	K11720	K09888	K14162		
K09705	K13641	K11068	K09955	K09815	K12992	K11748	K09903	K14170		
K09710	K13652	K11069	K09964	K09816	K12997	K11749	K09922	K14392		
K09748	K13668	K11070	K09973	K09817	K13010	K11751	K09951	K14441		
K09758	K13694	K11071	K10026	K09825	K13012	K11752	K09955	K14445		
K09760	K13747	K11072	K10112	K09861	K13038	K11753	K09988	K14540		
K09761	K13788	K11085	K10206	K09888	K13292	K11754	K10026	K14742		
K09765	K13789	K11105	K10536	K09903	K13479	K11755	K10112	K14761		
K09789	K13821	K11175	K10563	K09922	K13497	K11927	K10206	K15022		
K09790	K14058	K11527	K10716	K09924	K13542	K11991	K10536	K15342		
K09793	K14155	K11537	K10742	K09939	K13572	K12132	K10563	K15460		
K09807	K14260	K11645	K10764	K09955	K13693	K12251	K10764	K15533		
K09808	K14261	K11707	K10773	K09973	K13747	K12257	K10773	K15552		
K09809	K14441	K11717	K10778	K10026	K13789	K12267	K10778	K15554		
K09810	K14445	K11720	K10907	K10112	K13810	K12308	K10947	K15581		
K09811	K14652	K11749	K10947	K10206	K13829	K12339	K11031	K15583		
K09812	K14742	K11751	K11065	K10536	K13920	K12340	K11065	K15633		
K09815	K15460	K11752	K11068	K10716	K13922	K12343	K11068	K15635		
K09816	K15532	K11753	K11069	K10742	K13940	K12373	K11069	K15738		
K09817	K15600	K11754	K11070	K10764	K13950	K12410	K11070	K15986		
K09825	K15633	K11755	K11071	K10773	K13993	K12524	K11071	K15987		
K09861	K15635	K11927	K11072	K10774	K14138	K12573	K11072	K16248		
K09888	K15669	K11934	K11085	K10778	K14162	K12585	K11085	K16511		
K09903	K15738	K11991	K11105	K10947	K14170	K12942	K11105	K16785		
K09922	K15876	K12132	K11175	K11045	K14260	K13010	K11175	K16786		
K09924	K15921	K12251	K11381	K11065	K14441	K13015	K11381	K16787		
K09925	K15923	K12257	K11527	K11068	K14540	K13016	K11527	K16789		
K09939	K15977	K12267	K11537	K11069	K14591	K13018	K11645	K16898		
K09955	K15987	K12308	K11645	K11070	K14652	K13019	K11707	K16899		
K09964	K16053	K12339	K11707	K11071	K14742	K13038	K11717	K16923		
K09973	K16055	K12340	K11717	K11072	K14761	K13043	K11720	K16926		
K09988	K16089	K12343	K11720	K11085	K15023	K13327	K11741	K16951		
K09992	K16153	K12373	K11741	K11105	K15024	K13378	K11749	K16962		
K10026	K16212	K12410	K11749	K11175	K15256	K13421	K11751	K16963		
K10112	K16345	K12524	K11751	K11381	K15372	K13497	K11752	K17202		
K10206	K16363	K12573	K11752	K11527	K15460	K13532	K11753	K17203		
K10536	K17103	K12585	K11753	K11537	K15496	K13533	K11754	K17204		
K10563	K17108	K12942	K11754	K11645	K15533	K13566	K11755	K17213		
K10716	K17324	K13002	K11755	K11707	K15582	K13652	K11927	K17313		
K10742	K17686	K13038	K11927	K11717	K15583	K13663	K11934	K17398		
K10764	K17722	K13043	K11991	K11720	K15633	K13668	K11991	K17686		
K10773	K17758	K13051	K12132	K11741	K15738	K13694	K12132	K17734		
K10774	K17759	K13378	K12251	K11748	K15923	K13747	K12251	K17758		
K10778	K17828	K13421	K12257	K11749	K15984	K13788	K12257	K17759		
K10947	K17836	K13497	K12267	K11751	K15986	K13789	K12267	K17828		
K11065	K18118	K13566	K12308	K11752	K16248	K13924	K12308	K17838		
K11068	K18138	K13668	K12339	K11753	K16291	K13963	K12339	K17992		
K11069	K18139	K13694	K12340	K11754	K16511	K13990	K12340	K18220		
K11070	K18234	K13747	K12343	K11755	K16698	K13993	K12373	K18234		
K11071	K18300	K13788	K12373	K11927	K16785	K14058	K12410	K18330		
K11072	K18330	K13789	K12410	K11991	K16786	K14155	K12506	K18331		
K11085	K18331	K13821	K12524	K12132	K16787	K14260	K12524	K18332		
K11105	K18332	K13990	K12573	K12251	K16789	K14261	K12573	K18344		
K11175	K18369	K13993	K12585	K12257	K16898	K14379	K12585	K18345		
K11381	K18682	K14058	K12942	K12267	K16899	K14441	K12960	K18346		
K11527	K18691	K14155	K12995	K12308	K16923	K14623	K12984	K18349		
K11537	K18707	K14260	K13004	K12339	K16924	K14652	K12995	K18350		
K11645	K18785	K14261	K13015	K12340	K16950	K14742	K13015	K18457		
K11707	K18815	K14379	K13038	K12343	K16951	K15460	K13016	K18475		
K11717	K18843	K14441	K13043	K12373	K17073	K15633	K13018	K18672		
K11720	K18928	K14623	K13378	K12410	K17074	K15635	K13038	K18682		
K11741	K18929	K14652	K13421	K12524	K17076	K15669	K13043	K18707		
K11748	K18979	K14742	K13497	K12573	K17103	K15738	K13051	K18783		
K11749	K19049	K15460	K13566	K12585	K17318	K15876	K13421	K18887		
K11751	K19068	K15532	K13652	K12942	K17686	K15894	K13497	K18888		
K11752	K19147	K15633	K13668	K12995	K17734	K15898	K13566	K18889		
K11753	K19222	K15634	K13694	K13002	K17758	K15923	K13641	K18910		
K11754	K19225	K15635	K13747	K13009	K17759	K15977	K13652	K19002		
K11755	K19265	K15640	K13788	K13038	K17828	K15987	K13668	K19055		
K11927	K19271	K15669	K13789	K13043	K17836	K16044	K13694	K19081		
K11960	K19285	K15738	K13821	K13378	K18220	K16053	K13747	K19082		
K11961	K19286	K15923	K13990	K13421	K18332	K16055	K13788	K19092		
K11963	K19302	K15977	K13993	K13497	K18345	K16089	K13789	K19115		
K11991	K19333	K15987	K14058	K13566	K18349	K16153	K13821	K19117		
K12132	K19419	K16053	K14155	K13652	K18350	K16211	K13990	K19118		
K12251	K19431	K16055	K14197	K13668	K18475	K16212	K13993	K19119		
K12257	K19802	K16089	K14260	K13694	K18640	K16213	K14058	K19147		
K12267	K19997	K16153	K14261	K13747	K18672	K16363	K14155	K19157		
K12308	K20265	K16211	K14379	K13788	K18682	K17103	K14260	K19209		
K12339	K20429	K16212	K14415	K13789	K18707	K17108	K14261	K19213		
K12340	K20534	K16345	K14441	K13963	K19055	K17248	K14274	K19221		
K12343	K20866	K16363	K14445	K13990	K19081	K17680	K14441	K19225		
K12373	K20968	K17103	K14652	K13993	K19082	K17686	K14623	K19271		
K12410	K21029	K17213	K14742	K14058	K19157	K17716	K14652	K19294		
K12524	K21063	K17248	K15460	K14155	K19221	K17722	K14742	K19302		
K12573	K21071	K17324	K15532	K14260	K19225	K17758	K15342	K19309		
K12585	K21147	K17680	K15633	K14261	K19265	K17759	K15460	K19340		
K12942	K21379	K17686	K15635	K14415	K19271	K17828	K15633	K19350		
K12990	K21470	K17716	K15669	K14441	K19302	K17836	K15635	K19814		
K13004	K21556	K17722	K15725	K14652	K19689	K18118	K15725	K19955		
K13010	K21571	K17758	K15726	K14742	K19955	K18138	K15726	K20037		
K13015	K21572	K17759	K15727	K15460	K20038	K18139	K15727	K20038		
K13038	K21573	K17828	K15738	K15532	K20074	K18234	K15738	K20074		
K13043	K21636	K17836	K15876	K15633	K20116	K18300	K15876	K20444		
K13057	K21739	K18118	K15923	K15635	K20117	K18369	K15915	K20452		
K13327	K22130	K18138	K15977	K15725	K20118	K18430	K15923	K20453		
K13378	K22132	K18139	K15987	K15726	K20444	K18682	K15977	K20460		
K13421	K22405	K18197	K16052	K15727	K20487	K18691	K15987	K20461		
K13497	K22468	K18300	K16053	K15738	K20488	K18707	K16053	K20487		
K13525		K18330	K16089	K15876	K20489	K18785	K16055	K20488		
K13566		K18369	K16153	K15921	K20490	K18815	K16089	K20490		
K13652		K18427	K16212	K15923	K20491	K18828	K16153	K20491		
K13663		K18430	K16264	K15924	K20492	K18930	K16211	K20492		
K13664		K18581	K16345	K15977	K20534	K18954	K16212	K20534		
K13668		K18682	K16363	K15987	K20810	K19005	K16213	K20810		
K13694		K18691	K16936	K16053	K20972	K19049	K16345	K21028		
K13747		K18707	K16937	K16055	K21009	K19068	K16363	K21029		
K13788		K18785	K17103	K16089	K21011	K19222	K16695	K21071		
K13789		K18815	K17108	K16153	K21012	K19265	K16937	K21147		
K13963		K18928	K17324	K16212	K21029	K19271	K17103	K21276		
K13990		K18929	K17680	K16213	K21071	K19285	K17218	K21355		
K13993		K19068	K17686	K16264	K21140	K19286	K17248	K21467		
K14058		K19222	K17716	K16345	K21395	K19302	K17686	K21471		
K14155		K19265	K17722	K16363	K21467	K19354	K17716	K21472		
K14260		K19271	K17758	K16695	K21471	K19355	K17722	K21479		
K14261		K19285	K17759	K16922	K21472	K19419	K17723	K21576		
K14379		K19286	K17828	K17103	K21479	K19802	K17758	K21577		
K14415		K19302	K17836	K17250	K21600	K19955	K17759	K21600		
K14441		K19340	K18118	K17324	K21636	K20074	K17810	K21636		
K14652		K19789	K18138	K17680	K21903	K20265	K17828	K21744		
K14742		K19955	K18139	K17686	K22010	K20530	K17992	K21903		
K15460		K19997	K18234	K17722	K22132	K20866	K18118	K21910		
K15531		K20265	K18300	K17758	K22230	K20968	K18138	K22010		
K15532		K20534	K18330	K17759	K22278	K21029	K18139	K22024		
K15633		K20862	K18331	K17828	K22397	K21071	K18300	K22129		
K15635		K20866	K18332	K17836	K22445	K21147	K18330	K22132		
K15725		K21029	K18369	K18118		K21478	K18331	K22278		
K15726		K21063	K18581	K18138		K21498	K18332	K22335		
K15727		K21071	K18682	K18139		K21556	K18369	K22339		
K15738		K21147	K18691	K18197		K21571	K18427	K22340		
K15855		K21364	K18707	K18234		K21572	K18574	K22352		
K15876		K21556	K18785	K18300		K21573	K18682	K22477		
K15915		K21557	K18815	K18330		K21574	K18691			
K15921		K21571	K18928	K18331		K21575	K18707			
K15923		K21572	K18929	K18332		K21636	K18785			
K15924		K21573	K18979	K18369		K21681	K18828			
K15977		K21574	K19049	K18581		K21739	K18831			
K15987		K21575	K19050	K18682		K22132	K18910			
K16044		K21636	K19052	K18691		K22405	K18928			
K16053		K22132	K19068	K18707			K18929			
K16089		K22227	K19222	K18785			K18930			
K16153		K22278	K19225	K18815			K18954			
K16211		K22405	K19265	K18831			K18979			
K16212			K19271	K18928			K19068			
K16213			K19285	K18929			K19115			
K16264			K19286	K19050			K19117			
K16363			K19302	K19052			K19118			
K16435			K19340	K19055			K19119			
K16710			K19519	K19166			K19157			
K17103			K19802	K19221			K19166			
K17108			K19997	K19222			K19171			
K17248			K20074	K19225			K19222			
K17250			K20265	K19265			K19265			
K17680			K20429	K19271			K19271			
K17686			K20534	K19285			K19285			
K17716			K20866	K19286			K19286			
K17722			K21029	K19302			K19302			
K17758			K21055	K19340			K19333			
K17759			K21063	K19355			K19355			
K17810			K21065	K19519			K19418			
K17828			K21071	K19789			K19419			
K17836			K21132	K19802			K19431			
K18118			K21147	K19955			K19789			
K18138			K21279	K19997			K20074			
K18139			K21556	K20074			K20265			
K18197			K21557	K20265			K20276			
K18220			K21571	K20276			K20429			
K18234			K21572	K20866			K20534			
K18300			K21573	K20885			K20862			
K18330			K21574	K21029			K20866			
K18331			K21575	K21063			K20968			
K18332			K21636	K21065			K21063			
K18369			K21681	K21071			K21065			
K18581			K21739	K21147			K21071			
K18682			K21749	K21470			K21379			
K18691			K21750	K21556			K21471			
K18707			K22130	K21557			K21556			
K18785			K22132	K21571			K21571			
K18815			K22405	K21572			K21572			
K18831			K22468	K21573			K21573			
K18930				K21574			K21575			
K18954				K21575			K21636			
K19005				K21636			K21681			
K19049				K21739			K21739			
K19050				K22130			K21814			
K19052				K22132			K22132			
K19055				K22278			K22230			
K19068				K22405			K22396			
K19158				K22468			K22405			
K19159										
K19166										
K19222										
K19265										
K19271										
K19285										
K19286										
K19302										
K19340										
K19355										
K19425										
K19427										
K19431										
K19551										
K19802										
K19955										
K19997										
K20074										
K20265										
K20429										
K20444										
K20866										
K20885										
K21005										
K21055										
K21065										
K21071										
K21279										
K21364										
K21449										
K21498										
K21556										
K21571										
K21572										
K21573										
K21574										
K21575										
K21636										
K21739										
K21749										
K21750										
K22130										
K22132										
K22278										
K22405										
